[0.000000] (-) TimerEvent: {}
[0.000126] (chatter) JobQueued: {'identifier': 'chatter', 'dependencies': OrderedDict()}
[0.000159] (lab2_turtlesim) JobQueued: {'identifier': 'lab2_turtlesim', 'dependencies': OrderedDict()}
[0.000182] (turtle_patrol) JobQueued: {'identifier': 'turtle_patrol', 'dependencies': OrderedDict()}
[0.000202] (turtle_patrol_interface) JobQueued: {'identifier': 'turtle_patrol_interface', 'dependencies': OrderedDict()}
[0.000291] (chatter) JobStarted: {'identifier': 'chatter'}
[0.053031] (lab2_turtlesim) JobStarted: {'identifier': 'lab2_turtlesim'}
[0.082780] (turtle_patrol) JobStarted: {'identifier': 'turtle_patrol'}
[0.098763] (-) TimerEvent: {}
[0.115284] (turtle_patrol_interface) JobStarted: {'identifier': 'turtle_patrol_interface'}
[0.198823] (-) TimerEvent: {}
[0.299000] (-) TimerEvent: {}
[0.399178] (-) TimerEvent: {}
[0.499348] (-) TimerEvent: {}
[0.599601] (-) TimerEvent: {}
[0.699991] (-) TimerEvent: {}
[0.800181] (-) TimerEvent: {}
[0.810916] (turtle_patrol_interface) JobProgress: {'identifier': 'turtle_patrol_interface', 'progress': 'cmake'}
[0.822629] (turtle_patrol_interface) Command: {'cmd': ['/usr/bin/cmake', '/home/cc/ee106a/fa26/class/ee106a-agi/ros_workspaces/lab2/src/turtle_patrol_interface', '-DCMAKE_INSTALL_PREFIX=/home/cc/ee106a/fa26/class/ee106a-agi/ros_workspaces/install/turtle_patrol_interface'], 'cwd': '/home/cc/ee106a/fa26/class/ee106a-agi/ros_workspaces/build/turtle_patrol_interface', 'env': OrderedDict([('ARCH', 'x86_64'), ('QT_SCALE_FACTOR', '1'), ('USER', 'ee106a-agi'), ('HOSTNAME', 'ros2'), ('XDG_SESSION_TYPE', 'x11'), ('MASTERDIR', '/home/ff/ee106a'), ('COMPIZ_CONFIG_PROFILE', 'mate'), ('XDG_CACHE_HOME', '/home/cc/ee106a/fa26/class/ee106a-agi/.cache'), ('SHLVL', '2'), ('LD_LIBRARY_PATH', '/usr/lib/x86_64-linux-gnu/gazebo-11/plugins:/opt/ros/humble/opt/rviz_ogre_vendor/lib:/opt/ros/humble/lib/x86_64-linux-gnu:/opt/ros/humble/lib'), ('HOME', '/home/cc/ee106a/fa26/class/ee106a-agi'), ('OLDPWD', '/home/cc/ee106a/fa26/class/ee106a-agi/ros_workspaces/lab2'), ('DESKTOP_SESSION', 'mate'), ('ROS_PYTHON_VERSION', '3'), ('GTK_MODULES', 'gail:atk-bridge:appmenu-gtk-module:gail:atk-bridge:canberra-gtk-module'), ('EE106_UR_ROBOT_IP', '192.168.1.102'), ('DISTROBOX_ENTER_PATH', '/usr/local/bin/distrobox-enter'), ('SYSTEMD_EXEC_PID', '701345'), ('NNTPSERVER', 'news.csua.berkeley.edu'), ('VISUAL', 'emacs'), ('XDG_STATE_HOME', '/home/cc/ee106a/fa26/class/ee106a-agi/.local/state'), ('DBUS_SESSION_BUS_ADDRESS', 'unix:path=/run/user/91029/bus'), ('COLORTERM', 'truecolor'), ('container', 'podman'), ('UBUNTU_MENUPROXY', '1'), ('QT_QPA_PLATFORMTHEME', 'gtk2'), ('COLCON_PREFIX_PATH', '/home/ff/ee106a/robot_workspaces/ur/install'), ('ROS_DISTRO', 'humble'), ('GTK_IM_MODULE', 'ibus'), ('LOGNAME', 'ee106a-agi'), ('MASTER', 'ee106a'), ('WINDOWID', '31457286'), ('ROS_VERSION', '2'), ('XDG_SESSION_CLASS', 'user'), ('TERMINFO_DIRS', '/usr/share/terminfo:/run/host/usr/share/terminfo'), ('USERNAME', 'ee106a-agi'), ('TERM', 'xterm-256color'), ('GTK_OVERLAY_SCROLLING', '0'), ('XDG_SESSION_ID', '1397'), ('ROS_LOCALHOST_ONLY', '0'), ('WINDOWPATH', '2'), ('PATH', '/opt/ros/humble/bin:/share/b/grading/bin:/home/ff/ee106a/bin:/home/ff/ee106a/bin/arch/x86_64:/share/b/grading/bin:/home/ff/ee106a/bin:/home/ff/ee106a/bin/arch/x86_64:/usr/local/sbin:/usr/local/bin:/usr/sbin:/usr/bin:/sbin:/bin:/usr/games:/usr/local/games:/snap/bin:/snap/bin:/share/b/grading/bin:/share/b/grading/sbin:/share/b/runas/x86_64:/share/b/bin:/home/ff/ee106a/venvs/all:/usr/local/sbin:/usr/local/bin:/usr/sbin:/usr/bin:/sbin:/bin:/share/b/grading/bin:/share/b/grading/sbin:/share/b/runas/x86_64:/share/b/bin:/home/ff/ee106a/venvs/all'), ('SESSION_MANAGER', 'local/c105-8:@/tmp/.ICE-unix/701454,unix/c105-8:/tmp/.ICE-unix/701454'), ('OS', 'Linux'), ('XDG_RUNTIME_DIR', '/run/user/91029'), ('DISPLAY', ':1'), ('LANG', 'en_US.UTF-8'), ('XDG_CURRENT_DESKTOP', 'MATE'), ('XDG_DATA_HOME', '/home/cc/ee106a/fa26/class/ee106a-agi/.local/share'), ('XDG_CONFIG_HOME', '/home/cc/ee106a/fa26/class/ee106a-agi/.config'), ('XMODIFIERS', '@im=ibus'), ('XDG_SESSION_DESKTOP', 'mate'), ('XAUTHORITY', '/run/user/91029/gdm/Xauthority'), ('SSH_AUTH_SOCK', '/run/user/91029/keyring/ssh'), ('ROS_DOMAIN_ID', '28'), ('AMENT_PREFIX_PATH', '/home/ff/ee106a/robot_workspaces/ur/install/ur7e_utils:/opt/ros/humble'), ('SHELL', '/usr/bin/bash'), ('QT_ACCESSIBILITY', '1'), ('EE106_UR_ROBOT_NAME', 'astroboy'), ('GDMSESSION', 'mate'), ('RUNAS', '/share/b/runas/x86_64'), ('GPG_AGENT_INFO', '/run/user/91029/gnupg/S.gpg-agent:0:1'), ('CONFIG_SHELL', '/usr/bin/ksh'), ('QT_IM_MODULE', 'ibus'), ('PWD', '/home/cc/ee106a/fa26/class/ee106a-agi/ros_workspaces/build/turtle_patrol_interface'), ('EE106_ENV_SETUP', 'ur_ros2'), ('CONTAINER_ID', 'ros2'), ('LC_ALL', 'C.UTF-8'), ('XDG_CONFIG_DIRS', '/etc/xdg/xdg-mate:/etc/xdg'), ('CLUTTER_IM_MODULE', 'ibus'), ('XDG_DATA_DIRS', '/usr/share/mate:/usr/share/mate:/usr/share/gnome:/home/cc/ee106a/fa26/class/ee106a-agi/.local/share/flatpak/exports/share:/var/lib/flatpak/exports/share:/usr/local/share/:/usr/share/:/var/lib/snapd/desktop:/usr/local/share:/usr/share'), ('PYTHONPATH', '/home/ff/ee106a/robot_workspaces/ur/install/ur7e_utils/lib/python3.10/site-packages:/opt/ros/humble/lib/python3.10/site-packages:/opt/ros/humble/local/lib/python3.10/dist-packages'), ('MATE_DESKTOP_SESSION_ID', 'this-is-deprecated'), ('COLCON', '1'), ('MANPATH', '/usr/local/man:/usr/man:/usr/X11/man:/usr/local/man:/share/b/grading/man:/usr/local/man:/usr/man:/usr/X11/man:/usr/local/man:/share/b/grading/man:'), ('VTE_VERSION', '6800'), ('EDITOR', 'emacs'), ('QT_FONT_DPI', '122'), ('CMAKE_PREFIX_PATH', '/home/ff/ee106a/robot_workspaces/ur/install/ur7e_utils:/opt/ros/humble')]), 'shell': False}
[0.900292] (-) TimerEvent: {}
[1.000658] (-) TimerEvent: {}
[1.101016] (-) TimerEvent: {}
[1.201372] (-) TimerEvent: {}
[1.301717] (-) TimerEvent: {}
[1.402096] (-) TimerEvent: {}
[1.502441] (-) TimerEvent: {}
[1.602775] (-) TimerEvent: {}
[1.703120] (-) TimerEvent: {}
[1.803449] (-) TimerEvent: {}
[1.903663] (-) TimerEvent: {}
[2.003989] (-) TimerEvent: {}
[2.104314] (-) TimerEvent: {}
[2.106936] (turtle_patrol_interface) StdoutLine: {'line': b'-- The C compiler identification is GNU 11.4.0\n'}
[2.204392] (-) TimerEvent: {}
[2.304626] (-) TimerEvent: {}
[2.358314] (turtle_patrol_interface) StdoutLine: {'line': b'-- The CXX compiler identification is GNU 11.4.0\n'}
[2.404721] (-) TimerEvent: {}
[2.424529] (turtle_patrol_interface) StdoutLine: {'line': b'-- Detecting C compiler ABI info\n'}
[2.504897] (-) TimerEvent: {}
[2.605288] (-) TimerEvent: {}
[2.650712] (turtle_patrol) Command: {'cmd': ['/usr/bin/python3', '-W', 'ignore:setup.py install is deprecated', '-W', 'ignore:easy_install command is deprecated', 'setup.py', 'egg_info', '--egg-base', '../../../build/turtle_patrol', 'build', '--build-base', '/home/cc/ee106a/fa26/class/ee106a-agi/ros_workspaces/build/turtle_patrol/build', 'install', '--record', '/home/cc/ee106a/fa26/class/ee106a-agi/ros_workspaces/build/turtle_patrol/install.log', '--install-scripts', '$base/lib/turtle_patrol', '--single-version-externally-managed', 'install_data'], 'cwd': '/home/cc/ee106a/fa26/class/ee106a-agi/ros_workspaces/lab2/src/turtle_patrol', 'env': {'ARCH': 'x86_64', 'QT_SCALE_FACTOR': '1', 'USER': 'ee106a-agi', 'HOSTNAME': 'ros2', 'XDG_SESSION_TYPE': 'x11', 'MASTERDIR': '/home/ff/ee106a', 'COMPIZ_CONFIG_PROFILE': 'mate', 'XDG_CACHE_HOME': '/home/cc/ee106a/fa26/class/ee106a-agi/.cache', 'SHLVL': '2', 'LD_LIBRARY_PATH': '/usr/lib/x86_64-linux-gnu/gazebo-11/plugins:/opt/ros/humble/opt/rviz_ogre_vendor/lib:/opt/ros/humble/lib/x86_64-linux-gnu:/opt/ros/humble/lib', 'HOME': '/home/cc/ee106a/fa26/class/ee106a-agi', 'OLDPWD': '/home/cc/ee106a/fa26/class/ee106a-agi/ros_workspaces/lab2', 'DESKTOP_SESSION': 'mate', 'ROS_PYTHON_VERSION': '3', 'GTK_MODULES': 'gail:atk-bridge:appmenu-gtk-module:gail:atk-bridge:canberra-gtk-module', 'EE106_UR_ROBOT_IP': '192.168.1.102', 'DISTROBOX_ENTER_PATH': '/usr/local/bin/distrobox-enter', 'SYSTEMD_EXEC_PID': '701345', 'NNTPSERVER': 'news.csua.berkeley.edu', 'VISUAL': 'emacs', 'XDG_STATE_HOME': '/home/cc/ee106a/fa26/class/ee106a-agi/.local/state', 'DBUS_SESSION_BUS_ADDRESS': 'unix:path=/run/user/91029/bus', 'COLORTERM': 'truecolor', 'container': 'podman', 'UBUNTU_MENUPROXY': '1', 'QT_QPA_PLATFORMTHEME': 'gtk2', 'COLCON_PREFIX_PATH': '/home/ff/ee106a/robot_workspaces/ur/install', 'ROS_DISTRO': 'humble', 'GTK_IM_MODULE': 'ibus', 'LOGNAME': 'ee106a-agi', 'MASTER': 'ee106a', 'WINDOWID': '31457286', 'ROS_VERSION': '2', 'XDG_SESSION_CLASS': 'user', 'TERMINFO_DIRS': '/usr/share/terminfo:/run/host/usr/share/terminfo', 'USERNAME': 'ee106a-agi', 'TERM': 'xterm-256color', 'GTK_OVERLAY_SCROLLING': '0', 'XDG_SESSION_ID': '1397', 'ROS_LOCALHOST_ONLY': '0', 'WINDOWPATH': '2', 'PATH': '/opt/ros/humble/bin:/share/b/grading/bin:/home/ff/ee106a/bin:/home/ff/ee106a/bin/arch/x86_64:/share/b/grading/bin:/home/ff/ee106a/bin:/home/ff/ee106a/bin/arch/x86_64:/usr/local/sbin:/usr/local/bin:/usr/sbin:/usr/bin:/sbin:/bin:/usr/games:/usr/local/games:/snap/bin:/snap/bin:/share/b/grading/bin:/share/b/grading/sbin:/share/b/runas/x86_64:/share/b/bin:/home/ff/ee106a/venvs/all:/usr/local/sbin:/usr/local/bin:/usr/sbin:/usr/bin:/sbin:/bin:/share/b/grading/bin:/share/b/grading/sbin:/share/b/runas/x86_64:/share/b/bin:/home/ff/ee106a/venvs/all', 'SESSION_MANAGER': 'local/c105-8:@/tmp/.ICE-unix/701454,unix/c105-8:/tmp/.ICE-unix/701454', 'OS': 'Linux', 'XDG_RUNTIME_DIR': '/run/user/91029', 'DISPLAY': ':1', 'LANG': 'en_US.UTF-8', 'XDG_CURRENT_DESKTOP': 'MATE', 'XDG_DATA_HOME': '/home/cc/ee106a/fa26/class/ee106a-agi/.local/share', 'XDG_CONFIG_HOME': '/home/cc/ee106a/fa26/class/ee106a-agi/.config', 'XMODIFIERS': '@im=ibus', 'XDG_SESSION_DESKTOP': 'mate', 'XAUTHORITY': '/run/user/91029/gdm/Xauthority', 'SSH_AUTH_SOCK': '/run/user/91029/keyring/ssh', 'ROS_DOMAIN_ID': '28', 'AMENT_PREFIX_PATH': '/home/ff/ee106a/robot_workspaces/ur/install/ur7e_utils:/opt/ros/humble', 'SHELL': '/usr/bin/bash', 'QT_ACCESSIBILITY': '1', 'EE106_UR_ROBOT_NAME': 'astroboy', 'GDMSESSION': 'mate', 'RUNAS': '/share/b/runas/x86_64', 'GPG_AGENT_INFO': '/run/user/91029/gnupg/S.gpg-agent:0:1', 'CONFIG_SHELL': '/usr/bin/ksh', 'QT_IM_MODULE': 'ibus', 'PWD': '/home/cc/ee106a/fa26/class/ee106a-agi/ros_workspaces/build/turtle_patrol', 'EE106_ENV_SETUP': 'ur_ros2', 'CONTAINER_ID': 'ros2', 'LC_ALL': 'C.UTF-8', 'XDG_CONFIG_DIRS': '/etc/xdg/xdg-mate:/etc/xdg', 'CLUTTER_IM_MODULE': 'ibus', 'XDG_DATA_DIRS': '/usr/share/mate:/usr/share/mate:/usr/share/gnome:/home/cc/ee106a/fa26/class/ee106a-agi/.local/share/flatpak/exports/share:/var/lib/flatpak/exports/share:/usr/local/share/:/usr/share/:/var/lib/snapd/desktop:/usr/local/share:/usr/share', 'PYTHONPATH': '/home/cc/ee106a/fa26/class/ee106a-agi/ros_workspaces/build/turtle_patrol/prefix_override:/usr/lib/python3/dist-packages/colcon_core/task/python/colcon_distutils_commands:/home/cc/ee106a/fa26/class/ee106a-agi/ros_workspaces/install/turtle_patrol/lib/python3.10/site-packages:/home/ff/ee106a/robot_workspaces/ur/install/ur7e_utils/lib/python3.10/site-packages:/opt/ros/humble/lib/python3.10/site-packages:/opt/ros/humble/local/lib/python3.10/dist-packages', 'MATE_DESKTOP_SESSION_ID': 'this-is-deprecated', 'COLCON': '1', 'MANPATH': '/usr/local/man:/usr/man:/usr/X11/man:/usr/local/man:/share/b/grading/man:/usr/local/man:/usr/man:/usr/X11/man:/usr/local/man:/share/b/grading/man:', 'VTE_VERSION': '6800', 'EDITOR': 'emacs', 'QT_FONT_DPI': '122'}, 'shell': False}
[2.661854] (chatter) Command: {'cmd': ['/usr/bin/python3', '-W', 'ignore:setup.py install is deprecated', '-W', 'ignore:easy_install command is deprecated', 'setup.py', 'egg_info', '--egg-base', '../../../build/chatter', 'build', '--build-base', '/home/cc/ee106a/fa26/class/ee106a-agi/ros_workspaces/build/chatter/build', 'install', '--record', '/home/cc/ee106a/fa26/class/ee106a-agi/ros_workspaces/build/chatter/install.log', '--install-scripts', '$base/lib/chatter', '--single-version-externally-managed', 'install_data'], 'cwd': '/home/cc/ee106a/fa26/class/ee106a-agi/ros_workspaces/lab1/src/chatter', 'env': {'ARCH': 'x86_64', 'QT_SCALE_FACTOR': '1', 'USER': 'ee106a-agi', 'HOSTNAME': 'ros2', 'XDG_SESSION_TYPE': 'x11', 'MASTERDIR': '/home/ff/ee106a', 'COMPIZ_CONFIG_PROFILE': 'mate', 'XDG_CACHE_HOME': '/home/cc/ee106a/fa26/class/ee106a-agi/.cache', 'SHLVL': '2', 'LD_LIBRARY_PATH': '/usr/lib/x86_64-linux-gnu/gazebo-11/plugins:/opt/ros/humble/opt/rviz_ogre_vendor/lib:/opt/ros/humble/lib/x86_64-linux-gnu:/opt/ros/humble/lib', 'HOME': '/home/cc/ee106a/fa26/class/ee106a-agi', 'OLDPWD': '/home/cc/ee106a/fa26/class/ee106a-agi/ros_workspaces/lab2', 'DESKTOP_SESSION': 'mate', 'ROS_PYTHON_VERSION': '3', 'GTK_MODULES': 'gail:atk-bridge:appmenu-gtk-module:gail:atk-bridge:canberra-gtk-module', 'EE106_UR_ROBOT_IP': '192.168.1.102', 'DISTROBOX_ENTER_PATH': '/usr/local/bin/distrobox-enter', 'SYSTEMD_EXEC_PID': '701345', 'NNTPSERVER': 'news.csua.berkeley.edu', 'VISUAL': 'emacs', 'XDG_STATE_HOME': '/home/cc/ee106a/fa26/class/ee106a-agi/.local/state', 'DBUS_SESSION_BUS_ADDRESS': 'unix:path=/run/user/91029/bus', 'COLORTERM': 'truecolor', 'container': 'podman', 'UBUNTU_MENUPROXY': '1', 'QT_QPA_PLATFORMTHEME': 'gtk2', 'COLCON_PREFIX_PATH': '/home/ff/ee106a/robot_workspaces/ur/install', 'ROS_DISTRO': 'humble', 'GTK_IM_MODULE': 'ibus', 'LOGNAME': 'ee106a-agi', 'MASTER': 'ee106a', 'WINDOWID': '31457286', 'ROS_VERSION': '2', 'XDG_SESSION_CLASS': 'user', 'TERMINFO_DIRS': '/usr/share/terminfo:/run/host/usr/share/terminfo', 'USERNAME': 'ee106a-agi', 'TERM': 'xterm-256color', 'GTK_OVERLAY_SCROLLING': '0', 'XDG_SESSION_ID': '1397', 'ROS_LOCALHOST_ONLY': '0', 'WINDOWPATH': '2', 'PATH': '/opt/ros/humble/bin:/share/b/grading/bin:/home/ff/ee106a/bin:/home/ff/ee106a/bin/arch/x86_64:/share/b/grading/bin:/home/ff/ee106a/bin:/home/ff/ee106a/bin/arch/x86_64:/usr/local/sbin:/usr/local/bin:/usr/sbin:/usr/bin:/sbin:/bin:/usr/games:/usr/local/games:/snap/bin:/snap/bin:/share/b/grading/bin:/share/b/grading/sbin:/share/b/runas/x86_64:/share/b/bin:/home/ff/ee106a/venvs/all:/usr/local/sbin:/usr/local/bin:/usr/sbin:/usr/bin:/sbin:/bin:/share/b/grading/bin:/share/b/grading/sbin:/share/b/runas/x86_64:/share/b/bin:/home/ff/ee106a/venvs/all', 'SESSION_MANAGER': 'local/c105-8:@/tmp/.ICE-unix/701454,unix/c105-8:/tmp/.ICE-unix/701454', 'OS': 'Linux', 'XDG_RUNTIME_DIR': '/run/user/91029', 'DISPLAY': ':1', 'LANG': 'en_US.UTF-8', 'XDG_CURRENT_DESKTOP': 'MATE', 'XDG_DATA_HOME': '/home/cc/ee106a/fa26/class/ee106a-agi/.local/share', 'XDG_CONFIG_HOME': '/home/cc/ee106a/fa26/class/ee106a-agi/.config', 'XMODIFIERS': '@im=ibus', 'XDG_SESSION_DESKTOP': 'mate', 'XAUTHORITY': '/run/user/91029/gdm/Xauthority', 'SSH_AUTH_SOCK': '/run/user/91029/keyring/ssh', 'ROS_DOMAIN_ID': '28', 'AMENT_PREFIX_PATH': '/home/ff/ee106a/robot_workspaces/ur/install/ur7e_utils:/opt/ros/humble', 'SHELL': '/usr/bin/bash', 'QT_ACCESSIBILITY': '1', 'EE106_UR_ROBOT_NAME': 'astroboy', 'GDMSESSION': 'mate', 'RUNAS': '/share/b/runas/x86_64', 'GPG_AGENT_INFO': '/run/user/91029/gnupg/S.gpg-agent:0:1', 'CONFIG_SHELL': '/usr/bin/ksh', 'QT_IM_MODULE': 'ibus', 'PWD': '/home/cc/ee106a/fa26/class/ee106a-agi/ros_workspaces/build/chatter', 'EE106_ENV_SETUP': 'ur_ros2', 'CONTAINER_ID': 'ros2', 'LC_ALL': 'C.UTF-8', 'XDG_CONFIG_DIRS': '/etc/xdg/xdg-mate:/etc/xdg', 'CLUTTER_IM_MODULE': 'ibus', 'XDG_DATA_DIRS': '/usr/share/mate:/usr/share/mate:/usr/share/gnome:/home/cc/ee106a/fa26/class/ee106a-agi/.local/share/flatpak/exports/share:/var/lib/flatpak/exports/share:/usr/local/share/:/usr/share/:/var/lib/snapd/desktop:/usr/local/share:/usr/share', 'PYTHONPATH': '/home/cc/ee106a/fa26/class/ee106a-agi/ros_workspaces/build/chatter/prefix_override:/usr/lib/python3/dist-packages/colcon_core/task/python/colcon_distutils_commands:/home/cc/ee106a/fa26/class/ee106a-agi/ros_workspaces/install/chatter/lib/python3.10/site-packages:/home/ff/ee106a/robot_workspaces/ur/install/ur7e_utils/lib/python3.10/site-packages:/opt/ros/humble/lib/python3.10/site-packages:/opt/ros/humble/local/lib/python3.10/dist-packages', 'MATE_DESKTOP_SESSION_ID': 'this-is-deprecated', 'COLCON': '1', 'MANPATH': '/usr/local/man:/usr/man:/usr/X11/man:/usr/local/man:/share/b/grading/man:/usr/local/man:/usr/man:/usr/X11/man:/usr/local/man:/share/b/grading/man:', 'VTE_VERSION': '6800', 'EDITOR': 'emacs', 'QT_FONT_DPI': '122'}, 'shell': False}
[2.669646] (lab2_turtlesim) Command: {'cmd': ['/usr/bin/python3', '-W', 'ignore:setup.py install is deprecated', '-W', 'ignore:easy_install command is deprecated', 'setup.py', 'egg_info', '--egg-base', '../../../build/lab2_turtlesim', 'build', '--build-base', '/home/cc/ee106a/fa26/class/ee106a-agi/ros_workspaces/build/lab2_turtlesim/build', 'install', '--record', '/home/cc/ee106a/fa26/class/ee106a-agi/ros_workspaces/build/lab2_turtlesim/install.log', '--install-scripts', '$base/lib/lab2_turtlesim', '--single-version-externally-managed', 'install_data'], 'cwd': '/home/cc/ee106a/fa26/class/ee106a-agi/ros_workspaces/lab2/src/lab2_turtlesim', 'env': {'ARCH': 'x86_64', 'QT_SCALE_FACTOR': '1', 'USER': 'ee106a-agi', 'HOSTNAME': 'ros2', 'XDG_SESSION_TYPE': 'x11', 'MASTERDIR': '/home/ff/ee106a', 'COMPIZ_CONFIG_PROFILE': 'mate', 'XDG_CACHE_HOME': '/home/cc/ee106a/fa26/class/ee106a-agi/.cache', 'SHLVL': '2', 'LD_LIBRARY_PATH': '/usr/lib/x86_64-linux-gnu/gazebo-11/plugins:/opt/ros/humble/opt/rviz_ogre_vendor/lib:/opt/ros/humble/lib/x86_64-linux-gnu:/opt/ros/humble/lib', 'HOME': '/home/cc/ee106a/fa26/class/ee106a-agi', 'OLDPWD': '/home/cc/ee106a/fa26/class/ee106a-agi/ros_workspaces/lab2', 'DESKTOP_SESSION': 'mate', 'ROS_PYTHON_VERSION': '3', 'GTK_MODULES': 'gail:atk-bridge:appmenu-gtk-module:gail:atk-bridge:canberra-gtk-module', 'EE106_UR_ROBOT_IP': '192.168.1.102', 'DISTROBOX_ENTER_PATH': '/usr/local/bin/distrobox-enter', 'SYSTEMD_EXEC_PID': '701345', 'NNTPSERVER': 'news.csua.berkeley.edu', 'VISUAL': 'emacs', 'XDG_STATE_HOME': '/home/cc/ee106a/fa26/class/ee106a-agi/.local/state', 'DBUS_SESSION_BUS_ADDRESS': 'unix:path=/run/user/91029/bus', 'COLORTERM': 'truecolor', 'container': 'podman', 'UBUNTU_MENUPROXY': '1', 'QT_QPA_PLATFORMTHEME': 'gtk2', 'COLCON_PREFIX_PATH': '/home/ff/ee106a/robot_workspaces/ur/install', 'ROS_DISTRO': 'humble', 'GTK_IM_MODULE': 'ibus', 'LOGNAME': 'ee106a-agi', 'MASTER': 'ee106a', 'WINDOWID': '31457286', 'ROS_VERSION': '2', 'XDG_SESSION_CLASS': 'user', 'TERMINFO_DIRS': '/usr/share/terminfo:/run/host/usr/share/terminfo', 'USERNAME': 'ee106a-agi', 'TERM': 'xterm-256color', 'GTK_OVERLAY_SCROLLING': '0', 'XDG_SESSION_ID': '1397', 'ROS_LOCALHOST_ONLY': '0', 'WINDOWPATH': '2', 'PATH': '/opt/ros/humble/bin:/share/b/grading/bin:/home/ff/ee106a/bin:/home/ff/ee106a/bin/arch/x86_64:/share/b/grading/bin:/home/ff/ee106a/bin:/home/ff/ee106a/bin/arch/x86_64:/usr/local/sbin:/usr/local/bin:/usr/sbin:/usr/bin:/sbin:/bin:/usr/games:/usr/local/games:/snap/bin:/snap/bin:/share/b/grading/bin:/share/b/grading/sbin:/share/b/runas/x86_64:/share/b/bin:/home/ff/ee106a/venvs/all:/usr/local/sbin:/usr/local/bin:/usr/sbin:/usr/bin:/sbin:/bin:/share/b/grading/bin:/share/b/grading/sbin:/share/b/runas/x86_64:/share/b/bin:/home/ff/ee106a/venvs/all', 'SESSION_MANAGER': 'local/c105-8:@/tmp/.ICE-unix/701454,unix/c105-8:/tmp/.ICE-unix/701454', 'OS': 'Linux', 'XDG_RUNTIME_DIR': '/run/user/91029', 'DISPLAY': ':1', 'LANG': 'en_US.UTF-8', 'XDG_CURRENT_DESKTOP': 'MATE', 'XDG_DATA_HOME': '/home/cc/ee106a/fa26/class/ee106a-agi/.local/share', 'XDG_CONFIG_HOME': '/home/cc/ee106a/fa26/class/ee106a-agi/.config', 'XMODIFIERS': '@im=ibus', 'XDG_SESSION_DESKTOP': 'mate', 'XAUTHORITY': '/run/user/91029/gdm/Xauthority', 'SSH_AUTH_SOCK': '/run/user/91029/keyring/ssh', 'ROS_DOMAIN_ID': '28', 'AMENT_PREFIX_PATH': '/home/ff/ee106a/robot_workspaces/ur/install/ur7e_utils:/opt/ros/humble', 'SHELL': '/usr/bin/bash', 'QT_ACCESSIBILITY': '1', 'EE106_UR_ROBOT_NAME': 'astroboy', 'GDMSESSION': 'mate', 'RUNAS': '/share/b/runas/x86_64', 'GPG_AGENT_INFO': '/run/user/91029/gnupg/S.gpg-agent:0:1', 'CONFIG_SHELL': '/usr/bin/ksh', 'QT_IM_MODULE': 'ibus', 'PWD': '/home/cc/ee106a/fa26/class/ee106a-agi/ros_workspaces/build/lab2_turtlesim', 'EE106_ENV_SETUP': 'ur_ros2', 'CONTAINER_ID': 'ros2', 'LC_ALL': 'C.UTF-8', 'XDG_CONFIG_DIRS': '/etc/xdg/xdg-mate:/etc/xdg', 'CLUTTER_IM_MODULE': 'ibus', 'XDG_DATA_DIRS': '/usr/share/mate:/usr/share/mate:/usr/share/gnome:/home/cc/ee106a/fa26/class/ee106a-agi/.local/share/flatpak/exports/share:/var/lib/flatpak/exports/share:/usr/local/share/:/usr/share/:/var/lib/snapd/desktop:/usr/local/share:/usr/share', 'PYTHONPATH': '/home/cc/ee106a/fa26/class/ee106a-agi/ros_workspaces/build/lab2_turtlesim/prefix_override:/usr/lib/python3/dist-packages/colcon_core/task/python/colcon_distutils_commands:/home/cc/ee106a/fa26/class/ee106a-agi/ros_workspaces/install/lab2_turtlesim/lib/python3.10/site-packages:/home/ff/ee106a/robot_workspaces/ur/install/ur7e_utils/lib/python3.10/site-packages:/opt/ros/humble/lib/python3.10/site-packages:/opt/ros/humble/local/lib/python3.10/dist-packages', 'MATE_DESKTOP_SESSION_ID': 'this-is-deprecated', 'COLCON': '1', 'MANPATH': '/usr/local/man:/usr/man:/usr/X11/man:/usr/local/man:/share/b/grading/man:/usr/local/man:/usr/man:/usr/X11/man:/usr/local/man:/share/b/grading/man:', 'VTE_VERSION': '6800', 'EDITOR': 'emacs', 'QT_FONT_DPI': '122'}, 'shell': False}
[2.705345] (-) TimerEvent: {}
[2.791834] (turtle_patrol_interface) StdoutLine: {'line': b'-- Detecting C compiler ABI info - done\n'}
[2.801303] (turtle_patrol_interface) StdoutLine: {'line': b'-- Check for working C compiler: /usr/bin/cc - skipped\n'}
[2.801680] (turtle_patrol_interface) StdoutLine: {'line': b'-- Detecting C compile features\n'}
[2.802962] (turtle_patrol_interface) StdoutLine: {'line': b'-- Detecting C compile features - done\n'}
[2.805430] (-) TimerEvent: {}
[2.842457] (turtle_patrol_interface) StdoutLine: {'line': b'-- Detecting CXX compiler ABI info\n'}
[2.856848] (lab2_turtlesim) StdoutLine: {'line': b'running egg_info\n'}
[2.857608] (lab2_turtlesim) StdoutLine: {'line': b'creating ../../../build/lab2_turtlesim/lab2_turtlesim.egg-info\n'}
[2.857935] (turtle_patrol) StdoutLine: {'line': b'running egg_info\n'}
[2.858465] (turtle_patrol) StdoutLine: {'line': b'creating ../../../build/turtle_patrol/turtle_patrol.egg-info\n'}
[2.859525] (lab2_turtlesim) StdoutLine: {'line': b'writing ../../../build/lab2_turtlesim/lab2_turtlesim.egg-info/PKG-INFO\n'}
[2.860525] (turtle_patrol) StdoutLine: {'line': b'writing ../../../build/turtle_patrol/turtle_patrol.egg-info/PKG-INFO\n'}
[2.860764] (chatter) StdoutLine: {'line': b'running egg_info\n'}
[2.861065] (chatter) StdoutLine: {'line': b'creating ../../../build/chatter/chatter.egg-info\n'}
[2.863028] (chatter) StdoutLine: {'line': b'writing ../../../build/chatter/chatter.egg-info/PKG-INFO\n'}
[2.867354] (lab2_turtlesim) StdoutLine: {'line': b'writing dependency_links to ../../../build/lab2_turtlesim/lab2_turtlesim.egg-info/dependency_links.txt\n'}
[2.868413] (turtle_patrol) StdoutLine: {'line': b'writing dependency_links to ../../../build/turtle_patrol/turtle_patrol.egg-info/dependency_links.txt\n'}
[2.870636] (chatter) StdoutLine: {'line': b'writing dependency_links to ../../../build/chatter/chatter.egg-info/dependency_links.txt\n'}
[2.871846] (lab2_turtlesim) StdoutLine: {'line': b'writing entry points to ../../../build/lab2_turtlesim/lab2_turtlesim.egg-info/entry_points.txt\n'}
[2.871990] (turtle_patrol) StdoutLine: {'line': b'writing entry points to ../../../build/turtle_patrol/turtle_patrol.egg-info/entry_points.txt\n'}
[2.873851] (lab2_turtlesim) StdoutLine: {'line': b'writing requirements to ../../../build/lab2_turtlesim/lab2_turtlesim.egg-info/requires.txt\n'}
[2.874162] (chatter) StdoutLine: {'line': b'writing entry points to ../../../build/chatter/chatter.egg-info/entry_points.txt\n'}
[2.874646] (turtle_patrol) StdoutLine: {'line': b'writing requirements to ../../../build/turtle_patrol/turtle_patrol.egg-info/requires.txt\n'}
[2.877010] (lab2_turtlesim) StdoutLine: {'line': b'writing top-level names to ../../../build/lab2_turtlesim/lab2_turtlesim.egg-info/top_level.txt\n'}
[2.877484] (chatter) StdoutLine: {'line': b'writing requirements to ../../../build/chatter/chatter.egg-info/requires.txt\n'}
[2.878108] (turtle_patrol) StdoutLine: {'line': b'writing top-level names to ../../../build/turtle_patrol/turtle_patrol.egg-info/top_level.txt\n'}
[2.880193] (chatter) StdoutLine: {'line': b'writing top-level names to ../../../build/chatter/chatter.egg-info/top_level.txt\n'}
[2.881072] (lab2_turtlesim) StdoutLine: {'line': b"writing manifest file '../../../build/lab2_turtlesim/lab2_turtlesim.egg-info/SOURCES.txt'\n"}
[2.881888] (turtle_patrol) StdoutLine: {'line': b"writing manifest file '../../../build/turtle_patrol/turtle_patrol.egg-info/SOURCES.txt'\n"}
[2.883852] (chatter) StdoutLine: {'line': b"writing manifest file '../../../build/chatter/chatter.egg-info/SOURCES.txt'\n"}
[2.890313] (lab2_turtlesim) StdoutLine: {'line': b"reading manifest file '../../../build/lab2_turtlesim/lab2_turtlesim.egg-info/SOURCES.txt'\n"}
[2.891130] (turtle_patrol) StdoutLine: {'line': b"reading manifest file '../../../build/turtle_patrol/turtle_patrol.egg-info/SOURCES.txt'\n"}
[2.892242] (chatter) StdoutLine: {'line': b"reading manifest file '../../../build/chatter/chatter.egg-info/SOURCES.txt'\n"}
[2.893290] (lab2_turtlesim) StdoutLine: {'line': b"writing manifest file '../../../build/lab2_turtlesim/lab2_turtlesim.egg-info/SOURCES.txt'\n"}
[2.893439] (turtle_patrol) StdoutLine: {'line': b"writing manifest file '../../../build/turtle_patrol/turtle_patrol.egg-info/SOURCES.txt'\n"}
[2.893662] (lab2_turtlesim) StdoutLine: {'line': b'running build\n'}
[2.893828] (lab2_turtlesim) StdoutLine: {'line': b'running build_py\n'}
[2.894315] (turtle_patrol) StdoutLine: {'line': b'running build\n'}
[2.894552] (turtle_patrol) StdoutLine: {'line': b'running build_py\n'}
[2.894669] (chatter) StdoutLine: {'line': b"writing manifest file '../../../build/chatter/chatter.egg-info/SOURCES.txt'\n"}
[2.894859] (lab2_turtlesim) StdoutLine: {'line': b'creating /home/cc/ee106a/fa26/class/ee106a-agi/ros_workspaces/build/lab2_turtlesim/build\n'}
[2.895913] (turtle_patrol) StdoutLine: {'line': b'creating /home/cc/ee106a/fa26/class/ee106a-agi/ros_workspaces/build/turtle_patrol/build\n'}
[2.896019] (chatter) StdoutLine: {'line': b'running build\n'}
[2.897006] (chatter) StdoutLine: {'line': b'running build_py\n'}
[2.897094] (lab2_turtlesim) StdoutLine: {'line': b'creating /home/cc/ee106a/fa26/class/ee106a-agi/ros_workspaces/build/lab2_turtlesim/build/lib\n'}
[2.897218] (turtle_patrol) StdoutLine: {'line': b'creating /home/cc/ee106a/fa26/class/ee106a-agi/ros_workspaces/build/turtle_patrol/build/lib\n'}
[2.897305] (chatter) StdoutLine: {'line': b'creating /home/cc/ee106a/fa26/class/ee106a-agi/ros_workspaces/build/chatter/build\n'}
[2.898304] (lab2_turtlesim) StdoutLine: {'line': b'creating /home/cc/ee106a/fa26/class/ee106a-agi/ros_workspaces/build/lab2_turtlesim/build/lib/lab2_turtlesim\n'}
[2.898512] (chatter) StdoutLine: {'line': b'creating /home/cc/ee106a/fa26/class/ee106a-agi/ros_workspaces/build/chatter/build/lib\n'}
[2.899753] (turtle_patrol) StdoutLine: {'line': b'creating /home/cc/ee106a/fa26/class/ee106a-agi/ros_workspaces/build/turtle_patrol/build/lib/turtle_patrol\n'}
[2.900009] (chatter) StdoutLine: {'line': b'creating /home/cc/ee106a/fa26/class/ee106a-agi/ros_workspaces/build/chatter/build/lib/chatter\n'}
[2.900610] (turtle_patrol) StdoutLine: {'line': b'copying turtle_patrol/patrol_client.py -> /home/cc/ee106a/fa26/class/ee106a-agi/ros_workspaces/build/turtle_patrol/build/lib/turtle_patrol\n'}
[2.900704] (lab2_turtlesim) StdoutLine: {'line': b'copying lab2_turtlesim/publisher.py -> /home/cc/ee106a/fa26/class/ee106a-agi/ros_workspaces/build/lab2_turtlesim/build/lib/lab2_turtlesim\n'}
[2.902440] (chatter) StdoutLine: {'line': b'copying chatter/subscriber_member_function.py -> /home/cc/ee106a/fa26/class/ee106a-agi/ros_workspaces/build/chatter/build/lib/chatter\n'}
[2.905243] (lab2_turtlesim) StdoutLine: {'line': b'copying lab2_turtlesim/subscriber_.py -> /home/cc/ee106a/fa26/class/ee106a-agi/ros_workspaces/build/lab2_turtlesim/build/lib/lab2_turtlesim\n'}
[2.905471] (turtle_patrol) StdoutLine: {'line': b'copying turtle_patrol/patrol_server.py -> /home/cc/ee106a/fa26/class/ee106a-agi/ros_workspaces/build/turtle_patrol/build/lib/turtle_patrol\n'}
[2.905571] (-) TimerEvent: {}
[2.907456] (chatter) StdoutLine: {'line': b'copying chatter/publisher_member_function.py -> /home/cc/ee106a/fa26/class/ee106a-agi/ros_workspaces/build/chatter/build/lib/chatter\n'}
[2.910705] (lab2_turtlesim) StdoutLine: {'line': b'copying lab2_turtlesim/__init__.py -> /home/cc/ee106a/fa26/class/ee106a-agi/ros_workspaces/build/lab2_turtlesim/build/lib/lab2_turtlesim\n'}
[2.912285] (chatter) StdoutLine: {'line': b'copying chatter/__init__.py -> /home/cc/ee106a/fa26/class/ee106a-agi/ros_workspaces/build/chatter/build/lib/chatter\n'}
[2.912453] (turtle_patrol) StdoutLine: {'line': b'copying turtle_patrol/__init__.py -> /home/cc/ee106a/fa26/class/ee106a-agi/ros_workspaces/build/turtle_patrol/build/lib/turtle_patrol\n'}
[2.915121] (lab2_turtlesim) StdoutLine: {'line': b'running install\n'}
[2.915680] (lab2_turtlesim) StdoutLine: {'line': b'running install_lib\n'}
[2.916406] (chatter) StdoutLine: {'line': b'running install\n'}
[2.916985] (chatter) StdoutLine: {'line': b'running install_lib\n'}
[2.917505] (turtle_patrol) StdoutLine: {'line': b'running install\n'}
[2.918184] (turtle_patrol) StdoutLine: {'line': b'running install_lib\n'}
[2.919833] (lab2_turtlesim) StdoutLine: {'line': b'creating /home/cc/ee106a/fa26/class/ee106a-agi/ros_workspaces/install/lab2_turtlesim/lib/python3.10/site-packages/lab2_turtlesim\n'}
[2.920787] (chatter) StdoutLine: {'line': b'creating /home/cc/ee106a/fa26/class/ee106a-agi/ros_workspaces/install/chatter/lib/python3.10/site-packages/chatter\n'}
[2.921856] (lab2_turtlesim) StdoutLine: {'line': b'copying /home/cc/ee106a/fa26/class/ee106a-agi/ros_workspaces/build/lab2_turtlesim/build/lib/lab2_turtlesim/__init__.py -> /home/cc/ee106a/fa26/class/ee106a-agi/ros_workspaces/install/lab2_turtlesim/lib/python3.10/site-packages/lab2_turtlesim\n'}
[2.921966] (turtle_patrol) StdoutLine: {'line': b'creating /home/cc/ee106a/fa26/class/ee106a-agi/ros_workspaces/install/turtle_patrol/lib/python3.10/site-packages/turtle_patrol\n'}
[2.922543] (chatter) StdoutLine: {'line': b'copying /home/cc/ee106a/fa26/class/ee106a-agi/ros_workspaces/build/chatter/build/lib/chatter/__init__.py -> /home/cc/ee106a/fa26/class/ee106a-agi/ros_workspaces/install/chatter/lib/python3.10/site-packages/chatter\n'}
[2.924636] (turtle_patrol) StdoutLine: {'line': b'copying /home/cc/ee106a/fa26/class/ee106a-agi/ros_workspaces/build/turtle_patrol/build/lib/turtle_patrol/patrol_server.py -> /home/cc/ee106a/fa26/class/ee106a-agi/ros_workspaces/install/turtle_patrol/lib/python3.10/site-packages/turtle_patrol\n'}
[2.926411] (lab2_turtlesim) StdoutLine: {'line': b'copying /home/cc/ee106a/fa26/class/ee106a-agi/ros_workspaces/build/lab2_turtlesim/build/lib/lab2_turtlesim/subscriber_.py -> /home/cc/ee106a/fa26/class/ee106a-agi/ros_workspaces/install/lab2_turtlesim/lib/python3.10/site-packages/lab2_turtlesim\n'}
[2.926588] (chatter) StdoutLine: {'line': b'copying /home/cc/ee106a/fa26/class/ee106a-agi/ros_workspaces/build/chatter/build/lib/chatter/subscriber_member_function.py -> /home/cc/ee106a/fa26/class/ee106a-agi/ros_workspaces/install/chatter/lib/python3.10/site-packages/chatter\n'}
[2.929963] (turtle_patrol) StdoutLine: {'line': b'copying /home/cc/ee106a/fa26/class/ee106a-agi/ros_workspaces/build/turtle_patrol/build/lib/turtle_patrol/patrol_client.py -> /home/cc/ee106a/fa26/class/ee106a-agi/ros_workspaces/install/turtle_patrol/lib/python3.10/site-packages/turtle_patrol\n'}
[2.930262] (lab2_turtlesim) StdoutLine: {'line': b'copying /home/cc/ee106a/fa26/class/ee106a-agi/ros_workspaces/build/lab2_turtlesim/build/lib/lab2_turtlesim/publisher.py -> /home/cc/ee106a/fa26/class/ee106a-agi/ros_workspaces/install/lab2_turtlesim/lib/python3.10/site-packages/lab2_turtlesim\n'}
[2.931290] (chatter) StdoutLine: {'line': b'copying /home/cc/ee106a/fa26/class/ee106a-agi/ros_workspaces/build/chatter/build/lib/chatter/publisher_member_function.py -> /home/cc/ee106a/fa26/class/ee106a-agi/ros_workspaces/install/chatter/lib/python3.10/site-packages/chatter\n'}
[2.934867] (turtle_patrol) StdoutLine: {'line': b'copying /home/cc/ee106a/fa26/class/ee106a-agi/ros_workspaces/build/turtle_patrol/build/lib/turtle_patrol/__init__.py -> /home/cc/ee106a/fa26/class/ee106a-agi/ros_workspaces/install/turtle_patrol/lib/python3.10/site-packages/turtle_patrol\n'}
[2.936748] (lab2_turtlesim) StdoutLine: {'line': b'byte-compiling /home/cc/ee106a/fa26/class/ee106a-agi/ros_workspaces/install/lab2_turtlesim/lib/python3.10/site-packages/lab2_turtlesim/__init__.py to __init__.cpython-310.pyc\n'}
[2.938334] (chatter) StdoutLine: {'line': b'byte-compiling /home/cc/ee106a/fa26/class/ee106a-agi/ros_workspaces/install/chatter/lib/python3.10/site-packages/chatter/__init__.py to __init__.cpython-310.pyc\n'}
[2.941191] (turtle_patrol) StdoutLine: {'line': b'byte-compiling /home/cc/ee106a/fa26/class/ee106a-agi/ros_workspaces/install/turtle_patrol/lib/python3.10/site-packages/turtle_patrol/patrol_server.py to patrol_server.cpython-310.pyc\n'}
[2.944796] (lab2_turtlesim) StdoutLine: {'line': b'byte-compiling /home/cc/ee106a/fa26/class/ee106a-agi/ros_workspaces/install/lab2_turtlesim/lib/python3.10/site-packages/lab2_turtlesim/subscriber_.py to subscriber_.cpython-310.pyc\n'}
[2.946203] (chatter) StdoutLine: {'line': b'byte-compiling /home/cc/ee106a/fa26/class/ee106a-agi/ros_workspaces/install/chatter/lib/python3.10/site-packages/chatter/subscriber_member_function.py to subscriber_member_function.cpython-310.pyc\n'}
[2.949907] (turtle_patrol) StdoutLine: {'line': b'byte-compiling /home/cc/ee106a/fa26/class/ee106a-agi/ros_workspaces/install/turtle_patrol/lib/python3.10/site-packages/turtle_patrol/patrol_client.py to patrol_client.cpython-310.pyc\n'}
[2.951143] (lab2_turtlesim) StdoutLine: {'line': b'byte-compiling /home/cc/ee106a/fa26/class/ee106a-agi/ros_workspaces/install/lab2_turtlesim/lib/python3.10/site-packages/lab2_turtlesim/publisher.py to publisher.cpython-310.pyc\n'}
[2.951846] (lab2_turtlesim) StderrLine: {'line': b'  File "/home/cc/ee106a/fa26/class/ee106a-agi/ros_workspaces/install/lab2_turtlesim/lib/python3.10/site-packages/lab2_turtlesim/publisher.py", line 1\n'}
[2.952025] (lab2_turtlesim) StderrLine: {'line': b'    import geometry_msgs.msg import Twist\n'}
[2.952140] (lab2_turtlesim) StderrLine: {'line': b'                             ^^^^^^\n'}
[2.952258] (lab2_turtlesim) StderrLine: {'line': b'SyntaxError: invalid syntax\n'}
[2.952356] (lab2_turtlesim) StderrLine: {'line': b'\n'}
[2.952453] (lab2_turtlesim) StdoutLine: {'line': b'running install_data\n'}
[2.953658] (lab2_turtlesim) StdoutLine: {'line': b'creating /home/cc/ee106a/fa26/class/ee106a-agi/ros_workspaces/install/lab2_turtlesim/share/ament_index\n'}
[2.953877] (chatter) StdoutLine: {'line': b'byte-compiling /home/cc/ee106a/fa26/class/ee106a-agi/ros_workspaces/install/chatter/lib/python3.10/site-packages/chatter/publisher_member_function.py to publisher_member_function.cpython-310.pyc\n'}
[2.954524] (lab2_turtlesim) StdoutLine: {'line': b'creating /home/cc/ee106a/fa26/class/ee106a-agi/ros_workspaces/install/lab2_turtlesim/share/ament_index/resource_index\n'}
[2.956387] (lab2_turtlesim) StdoutLine: {'line': b'creating /home/cc/ee106a/fa26/class/ee106a-agi/ros_workspaces/install/lab2_turtlesim/share/ament_index/resource_index/packages\n'}
[2.957725] (turtle_patrol) StdoutLine: {'line': b'byte-compiling /home/cc/ee106a/fa26/class/ee106a-agi/ros_workspaces/install/turtle_patrol/lib/python3.10/site-packages/turtle_patrol/__init__.py to __init__.cpython-310.pyc\n'}
[2.959067] (lab2_turtlesim) StdoutLine: {'line': b'copying resource/lab2_turtlesim -> /home/cc/ee106a/fa26/class/ee106a-agi/ros_workspaces/install/lab2_turtlesim/share/ament_index/resource_index/packages\n'}
[2.960255] (chatter) StdoutLine: {'line': b'running install_data\n'}
[2.961016] (chatter) StdoutLine: {'line': b'creating /home/cc/ee106a/fa26/class/ee106a-agi/ros_workspaces/install/chatter/share/ament_index\n'}
[2.962115] (chatter) StdoutLine: {'line': b'creating /home/cc/ee106a/fa26/class/ee106a-agi/ros_workspaces/install/chatter/share/ament_index/resource_index\n'}
[2.963303] (lab2_turtlesim) StdoutLine: {'line': b'copying package.xml -> /home/cc/ee106a/fa26/class/ee106a-agi/ros_workspaces/install/lab2_turtlesim/share/lab2_turtlesim\n'}
[2.964292] (turtle_patrol) StdoutLine: {'line': b'running install_data\n'}
[2.964447] (chatter) StdoutLine: {'line': b'creating /home/cc/ee106a/fa26/class/ee106a-agi/ros_workspaces/install/chatter/share/ament_index/resource_index/packages\n'}
[2.964613] (turtle_patrol) StdoutLine: {'line': b'creating /home/cc/ee106a/fa26/class/ee106a-agi/ros_workspaces/install/turtle_patrol/share/ament_index\n'}
[2.966724] (turtle_patrol) StdoutLine: {'line': b'creating /home/cc/ee106a/fa26/class/ee106a-agi/ros_workspaces/install/turtle_patrol/share/ament_index/resource_index\n'}
[2.967387] (chatter) StdoutLine: {'line': b'copying resource/chatter -> /home/cc/ee106a/fa26/class/ee106a-agi/ros_workspaces/install/chatter/share/ament_index/resource_index/packages\n'}
[2.968117] (lab2_turtlesim) StdoutLine: {'line': b'running install_egg_info\n'}
[2.968563] (turtle_patrol) StdoutLine: {'line': b'creating /home/cc/ee106a/fa26/class/ee106a-agi/ros_workspaces/install/turtle_patrol/share/ament_index/resource_index/packages\n'}
[2.971333] (turtle_patrol) StdoutLine: {'line': b'copying resource/turtle_patrol -> /home/cc/ee106a/fa26/class/ee106a-agi/ros_workspaces/install/turtle_patrol/share/ament_index/resource_index/packages\n'}
[2.972010] (chatter) StdoutLine: {'line': b'copying package.xml -> /home/cc/ee106a/fa26/class/ee106a-agi/ros_workspaces/install/chatter/share/chatter\n'}
[2.973177] (lab2_turtlesim) StdoutLine: {'line': b'Copying ../../../build/lab2_turtlesim/lab2_turtlesim.egg-info to /home/cc/ee106a/fa26/class/ee106a-agi/ros_workspaces/install/lab2_turtlesim/lib/python3.10/site-packages/lab2_turtlesim-0.0.0-py3.10.egg-info\n'}
[2.976486] (turtle_patrol) StdoutLine: {'line': b'copying package.xml -> /home/cc/ee106a/fa26/class/ee106a-agi/ros_workspaces/install/turtle_patrol/share/turtle_patrol\n'}
[2.976826] (chatter) StdoutLine: {'line': b'running install_egg_info\n'}
[2.982038] (turtle_patrol) StdoutLine: {'line': b'running install_egg_info\n'}
[2.983235] (chatter) StdoutLine: {'line': b'Copying ../../../build/chatter/chatter.egg-info to /home/cc/ee106a/fa26/class/ee106a-agi/ros_workspaces/install/chatter/lib/python3.10/site-packages/chatter-0.0.0-py3.10.egg-info\n'}
[2.989044] (turtle_patrol) StdoutLine: {'line': b'Copying ../../../build/turtle_patrol/turtle_patrol.egg-info to /home/cc/ee106a/fa26/class/ee106a-agi/ros_workspaces/install/turtle_patrol/lib/python3.10/site-packages/turtle_patrol-0.0.0-py3.10.egg-info\n'}
[3.005672] (-) TimerEvent: {}
[3.015619] (lab2_turtlesim) StdoutLine: {'line': b'running install_scripts\n'}
[3.025477] (chatter) StdoutLine: {'line': b'running install_scripts\n'}
[3.036715] (turtle_patrol) StdoutLine: {'line': b'running install_scripts\n'}
[3.044153] (lab2_turtlesim) StdoutLine: {'line': b"writing list of installed files to '/home/cc/ee106a/fa26/class/ee106a-agi/ros_workspaces/build/lab2_turtlesim/install.log'\n"}
[3.046815] (chatter) StdoutLine: {'line': b'Installing listener script to /home/cc/ee106a/fa26/class/ee106a-agi/ros_workspaces/install/chatter/lib/chatter\n'}
[3.052836] (chatter) StdoutLine: {'line': b'Installing talker script to /home/cc/ee106a/fa26/class/ee106a-agi/ros_workspaces/install/chatter/lib/chatter\n'}
[3.057122] (chatter) StdoutLine: {'line': b"writing list of installed files to '/home/cc/ee106a/fa26/class/ee106a-agi/ros_workspaces/build/chatter/install.log'\n"}
[3.057256] (turtle_patrol) StdoutLine: {'line': b'Installing patrol_client script to /home/cc/ee106a/fa26/class/ee106a-agi/ros_workspaces/install/turtle_patrol/lib/turtle_patrol\n'}
[3.061004] (lab2_turtlesim) CommandEnded: {'returncode': 0}
[3.062632] (turtle_patrol) StdoutLine: {'line': b'Installing patrol_client_sol script to /home/cc/ee106a/fa26/class/ee106a-agi/ros_workspaces/install/turtle_patrol/lib/turtle_patrol\n'}
[3.066187] (turtle_patrol) StdoutLine: {'line': b'Installing patrol_server script to /home/cc/ee106a/fa26/class/ee106a-agi/ros_workspaces/install/turtle_patrol/lib/turtle_patrol\n'}
[3.070179] (turtle_patrol) StdoutLine: {'line': b'Installing patrol_server_sol script to /home/cc/ee106a/fa26/class/ee106a-agi/ros_workspaces/install/turtle_patrol/lib/turtle_patrol\n'}
[3.074899] (turtle_patrol) StdoutLine: {'line': b"writing list of installed files to '/home/cc/ee106a/fa26/class/ee106a-agi/ros_workspaces/build/turtle_patrol/install.log'\n"}
[3.105773] (-) TimerEvent: {}
[3.120385] (lab2_turtlesim) JobEnded: {'identifier': 'lab2_turtlesim', 'rc': 0}
[3.128026] (chatter) CommandEnded: {'returncode': 0}
[3.171867] (turtle_patrol_interface) StdoutLine: {'line': b'-- Detecting CXX compiler ABI info - done\n'}
[3.188814] (chatter) JobEnded: {'identifier': 'chatter', 'rc': 0}
[3.194555] (turtle_patrol) CommandEnded: {'returncode': 0}
[3.195755] (turtle_patrol_interface) StdoutLine: {'line': b'-- Check for working CXX compiler: /usr/bin/c++ - skipped\n'}
[3.195907] (turtle_patrol_interface) StdoutLine: {'line': b'-- Detecting CXX compile features\n'}
[3.196000] (turtle_patrol_interface) StdoutLine: {'line': b'-- Detecting CXX compile features - done\n'}
[3.205951] (-) TimerEvent: {}
[3.246883] (turtle_patrol_interface) StdoutLine: {'line': b'-- Found ament_cmake: 1.3.14 (/opt/ros/humble/share/ament_cmake/cmake)\n'}
[3.255498] (turtle_patrol) JobEnded: {'identifier': 'turtle_patrol', 'rc': 0}
[3.306076] (-) TimerEvent: {}
[3.406401] (-) TimerEvent: {}
[3.506749] (-) TimerEvent: {}
[3.607037] (turtle_patrol_interface) StdoutLine: {'line': b'-- Found Python3: /usr/bin/python3 (found version "3.10.12") found components: Interpreter \n'}
[3.607149] (-) TimerEvent: {}
[3.708328] (-) TimerEvent: {}
[3.808600] (-) TimerEvent: {}
[3.908964] (-) TimerEvent: {}
[3.999138] (turtle_patrol_interface) StdoutLine: {'line': b'-- Found geometry_msgs: 4.9.2 (/opt/ros/humble/share/geometry_msgs/cmake)\n'}
[4.009034] (-) TimerEvent: {}
[4.109315] (-) TimerEvent: {}
[4.209674] (-) TimerEvent: {}
[4.299554] (turtle_patrol_interface) StdoutLine: {'line': b'-- Found rosidl_generator_c: 3.1.9 (/opt/ros/humble/share/rosidl_generator_c/cmake)\n'}
[4.309738] (-) TimerEvent: {}
[4.321595] (turtle_patrol_interface) StdoutLine: {'line': b'-- Found rosidl_adapter: 3.1.9 (/opt/ros/humble/share/rosidl_adapter/cmake)\n'}
[4.354093] (turtle_patrol_interface) StdoutLine: {'line': b'-- Found rosidl_generator_cpp: 3.1.9 (/opt/ros/humble/share/rosidl_generator_cpp/cmake)\n'}
[4.409858] (-) TimerEvent: {}
[4.421048] (turtle_patrol_interface) StdoutLine: {'line': b'-- Using all available rosidl_typesupport_c: rosidl_typesupport_fastrtps_c;rosidl_typesupport_introspection_c\n'}
[4.476178] (turtle_patrol_interface) StdoutLine: {'line': b'-- Using all available rosidl_typesupport_cpp: rosidl_typesupport_fastrtps_cpp;rosidl_typesupport_introspection_cpp\n'}
[4.509909] (-) TimerEvent: {}
[4.522242] (turtle_patrol_interface) StdoutLine: {'line': b'-- Found rosidl_default_generators: 1.2.1 (/opt/ros/humble/share/rosidl_default_generators/cmake)\n'}
[4.610033] (-) TimerEvent: {}
[4.710388] (-) TimerEvent: {}
[4.810694] (-) TimerEvent: {}
[4.910941] (-) TimerEvent: {}
[5.011230] (-) TimerEvent: {}
[5.111437] (-) TimerEvent: {}
[5.211715] (-) TimerEvent: {}
[5.311998] (-) TimerEvent: {}
[5.412309] (-) TimerEvent: {}
[5.508760] (turtle_patrol_interface) StdoutLine: {'line': b'-- Found ament_cmake_ros: 0.10.0 (/opt/ros/humble/share/ament_cmake_ros/cmake)\n'}
[5.512382] (-) TimerEvent: {}
[5.612700] (-) TimerEvent: {}
[5.713058] (-) TimerEvent: {}
[5.813353] (-) TimerEvent: {}
[5.913771] (-) TimerEvent: {}
[6.014266] (-) TimerEvent: {}
[6.114781] (-) TimerEvent: {}
[6.215322] (-) TimerEvent: {}
[6.315733] (-) TimerEvent: {}
[6.416147] (-) TimerEvent: {}
[6.516643] (-) TimerEvent: {}
[6.617086] (-) TimerEvent: {}
[6.717551] (-) TimerEvent: {}
[6.817885] (-) TimerEvent: {}
[6.918335] (-) TimerEvent: {}
[7.018783] (-) TimerEvent: {}
[7.119348] (-) TimerEvent: {}
[7.219769] (-) TimerEvent: {}
[7.320120] (-) TimerEvent: {}
[7.420623] (-) TimerEvent: {}
[7.521164] (-) TimerEvent: {}
[7.621673] (-) TimerEvent: {}
[7.722205] (-) TimerEvent: {}
[7.822559] (-) TimerEvent: {}
[7.829068] (turtle_patrol_interface) StdoutLine: {'line': b'-- Using all available rosidl_typesupport_c: rosidl_typesupport_fastrtps_c;rosidl_typesupport_introspection_c\n'}
[7.922649] (-) TimerEvent: {}
[8.022938] (-) TimerEvent: {}
[8.123126] (-) TimerEvent: {}
[8.223428] (-) TimerEvent: {}
[8.323643] (-) TimerEvent: {}
[8.423941] (-) TimerEvent: {}
[8.524169] (-) TimerEvent: {}
[8.588721] (turtle_patrol_interface) StdoutLine: {'line': b'-- Using all available rosidl_typesupport_cpp: rosidl_typesupport_fastrtps_cpp;rosidl_typesupport_introspection_cpp\n'}
[8.624273] (-) TimerEvent: {}
[8.654062] (turtle_patrol_interface) StdoutLine: {'line': b'-- Found PythonInterp: /usr/bin/python3 (found suitable version "3.10.12", minimum required is "3.6") \n'}
[8.658927] (turtle_patrol_interface) StdoutLine: {'line': b'-- Found python_cmake_module: 0.10.0 (/opt/ros/humble/share/python_cmake_module/cmake)\n'}
[8.724365] (-) TimerEvent: {}
[8.750832] (turtle_patrol_interface) StdoutLine: {'line': b'-- Found PythonLibs: /usr/lib/x86_64-linux-gnu/libpython3.10.so (found suitable version "3.10.12", minimum required is "3.5") \n'}
[8.751111] (turtle_patrol_interface) StdoutLine: {'line': b'-- Using PYTHON_EXECUTABLE: /usr/bin/python3\n'}
[8.753998] (turtle_patrol_interface) StdoutLine: {'line': b'-- Using PYTHON_INCLUDE_DIRS: /usr/include/python3.10\n'}
[8.754088] (turtle_patrol_interface) StdoutLine: {'line': b'-- Using PYTHON_LIBRARIES: /usr/lib/x86_64-linux-gnu/libpython3.10.so\n'}
[8.801103] (turtle_patrol_interface) StdoutLine: {'line': b'-- Found PythonExtra: .so  \n'}
[8.824420] (-) TimerEvent: {}
[8.924616] (-) TimerEvent: {}
[9.024927] (-) TimerEvent: {}
[9.125190] (-) TimerEvent: {}
[9.225478] (-) TimerEvent: {}
[9.325842] (-) TimerEvent: {}
[9.426143] (-) TimerEvent: {}
[9.526460] (-) TimerEvent: {}
[9.626819] (-) TimerEvent: {}
[9.682612] (turtle_patrol_interface) StdoutLine: {'line': b'-- Found ament_lint_auto: 0.12.15 (/opt/ros/humble/share/ament_lint_auto/cmake)\n'}
[9.726866] (-) TimerEvent: {}
[9.827235] (-) TimerEvent: {}
[9.927562] (-) TimerEvent: {}
[10.027893] (-) TimerEvent: {}
[10.128257] (-) TimerEvent: {}
[10.228560] (-) TimerEvent: {}
[10.282317] (turtle_patrol_interface) StdoutLine: {'line': b"-- Added test 'lint_cmake' to check CMake code style\n"}
[10.295875] (turtle_patrol_interface) StdoutLine: {'line': b"-- Added test 'xmllint' to check XML markup files\n"}
[10.328638] (-) TimerEvent: {}
[10.428950] (-) TimerEvent: {}
[10.444921] (turtle_patrol_interface) StdoutLine: {'line': b'-- Configuring done\n'}
[10.529057] (-) TimerEvent: {}
[10.629360] (-) TimerEvent: {}
[10.729680] (-) TimerEvent: {}
[10.830024] (-) TimerEvent: {}
[10.930327] (-) TimerEvent: {}
[11.030659] (-) TimerEvent: {}
[11.130964] (-) TimerEvent: {}
[11.231227] (-) TimerEvent: {}
[11.331473] (-) TimerEvent: {}
[11.431765] (-) TimerEvent: {}
[11.532106] (-) TimerEvent: {}
[11.626538] (turtle_patrol_interface) StdoutLine: {'line': b'-- Generating done\n'}
[11.632176] (-) TimerEvent: {}
[11.732492] (-) TimerEvent: {}
[11.832834] (-) TimerEvent: {}
[11.930001] (turtle_patrol_interface) StdoutLine: {'line': b'-- Build files have been written to: /home/cc/ee106a/fa26/class/ee106a-agi/ros_workspaces/build/turtle_patrol_interface\n'}
[11.932922] (-) TimerEvent: {}
[11.944854] (turtle_patrol_interface) CommandEnded: {'returncode': 0}
[11.945699] (turtle_patrol_interface) JobProgress: {'identifier': 'turtle_patrol_interface', 'progress': 'build'}
[11.947411] (turtle_patrol_interface) Command: {'cmd': ['/usr/bin/cmake', '--build', '/home/cc/ee106a/fa26/class/ee106a-agi/ros_workspaces/build/turtle_patrol_interface', '--', '-j32', '-l32'], 'cwd': '/home/cc/ee106a/fa26/class/ee106a-agi/ros_workspaces/build/turtle_patrol_interface', 'env': OrderedDict([('ARCH', 'x86_64'), ('QT_SCALE_FACTOR', '1'), ('USER', 'ee106a-agi'), ('HOSTNAME', 'ros2'), ('XDG_SESSION_TYPE', 'x11'), ('MASTERDIR', '/home/ff/ee106a'), ('COMPIZ_CONFIG_PROFILE', 'mate'), ('XDG_CACHE_HOME', '/home/cc/ee106a/fa26/class/ee106a-agi/.cache'), ('SHLVL', '2'), ('LD_LIBRARY_PATH', '/usr/lib/x86_64-linux-gnu/gazebo-11/plugins:/opt/ros/humble/opt/rviz_ogre_vendor/lib:/opt/ros/humble/lib/x86_64-linux-gnu:/opt/ros/humble/lib'), ('HOME', '/home/cc/ee106a/fa26/class/ee106a-agi'), ('OLDPWD', '/home/cc/ee106a/fa26/class/ee106a-agi/ros_workspaces/lab2'), ('DESKTOP_SESSION', 'mate'), ('ROS_PYTHON_VERSION', '3'), ('GTK_MODULES', 'gail:atk-bridge:appmenu-gtk-module:gail:atk-bridge:canberra-gtk-module'), ('EE106_UR_ROBOT_IP', '192.168.1.102'), ('DISTROBOX_ENTER_PATH', '/usr/local/bin/distrobox-enter'), ('SYSTEMD_EXEC_PID', '701345'), ('NNTPSERVER', 'news.csua.berkeley.edu'), ('VISUAL', 'emacs'), ('XDG_STATE_HOME', '/home/cc/ee106a/fa26/class/ee106a-agi/.local/state'), ('DBUS_SESSION_BUS_ADDRESS', 'unix:path=/run/user/91029/bus'), ('COLORTERM', 'truecolor'), ('container', 'podman'), ('UBUNTU_MENUPROXY', '1'), ('QT_QPA_PLATFORMTHEME', 'gtk2'), ('COLCON_PREFIX_PATH', '/home/ff/ee106a/robot_workspaces/ur/install'), ('ROS_DISTRO', 'humble'), ('GTK_IM_MODULE', 'ibus'), ('LOGNAME', 'ee106a-agi'), ('MASTER', 'ee106a'), ('WINDOWID', '31457286'), ('ROS_VERSION', '2'), ('XDG_SESSION_CLASS', 'user'), ('TERMINFO_DIRS', '/usr/share/terminfo:/run/host/usr/share/terminfo'), ('USERNAME', 'ee106a-agi'), ('TERM', 'xterm-256color'), ('GTK_OVERLAY_SCROLLING', '0'), ('XDG_SESSION_ID', '1397'), ('ROS_LOCALHOST_ONLY', '0'), ('WINDOWPATH', '2'), ('PATH', '/opt/ros/humble/bin:/share/b/grading/bin:/home/ff/ee106a/bin:/home/ff/ee106a/bin/arch/x86_64:/share/b/grading/bin:/home/ff/ee106a/bin:/home/ff/ee106a/bin/arch/x86_64:/usr/local/sbin:/usr/local/bin:/usr/sbin:/usr/bin:/sbin:/bin:/usr/games:/usr/local/games:/snap/bin:/snap/bin:/share/b/grading/bin:/share/b/grading/sbin:/share/b/runas/x86_64:/share/b/bin:/home/ff/ee106a/venvs/all:/usr/local/sbin:/usr/local/bin:/usr/sbin:/usr/bin:/sbin:/bin:/share/b/grading/bin:/share/b/grading/sbin:/share/b/runas/x86_64:/share/b/bin:/home/ff/ee106a/venvs/all'), ('SESSION_MANAGER', 'local/c105-8:@/tmp/.ICE-unix/701454,unix/c105-8:/tmp/.ICE-unix/701454'), ('OS', 'Linux'), ('XDG_RUNTIME_DIR', '/run/user/91029'), ('DISPLAY', ':1'), ('LANG', 'en_US.UTF-8'), ('XDG_CURRENT_DESKTOP', 'MATE'), ('XDG_DATA_HOME', '/home/cc/ee106a/fa26/class/ee106a-agi/.local/share'), ('XDG_CONFIG_HOME', '/home/cc/ee106a/fa26/class/ee106a-agi/.config'), ('XMODIFIERS', '@im=ibus'), ('XDG_SESSION_DESKTOP', 'mate'), ('XAUTHORITY', '/run/user/91029/gdm/Xauthority'), ('SSH_AUTH_SOCK', '/run/user/91029/keyring/ssh'), ('ROS_DOMAIN_ID', '28'), ('AMENT_PREFIX_PATH', '/home/ff/ee106a/robot_workspaces/ur/install/ur7e_utils:/opt/ros/humble'), ('SHELL', '/usr/bin/bash'), ('QT_ACCESSIBILITY', '1'), ('EE106_UR_ROBOT_NAME', 'astroboy'), ('GDMSESSION', 'mate'), ('RUNAS', '/share/b/runas/x86_64'), ('GPG_AGENT_INFO', '/run/user/91029/gnupg/S.gpg-agent:0:1'), ('CONFIG_SHELL', '/usr/bin/ksh'), ('QT_IM_MODULE', 'ibus'), ('PWD', '/home/cc/ee106a/fa26/class/ee106a-agi/ros_workspaces/build/turtle_patrol_interface'), ('EE106_ENV_SETUP', 'ur_ros2'), ('CONTAINER_ID', 'ros2'), ('LC_ALL', 'C.UTF-8'), ('XDG_CONFIG_DIRS', '/etc/xdg/xdg-mate:/etc/xdg'), ('CLUTTER_IM_MODULE', 'ibus'), ('XDG_DATA_DIRS', '/usr/share/mate:/usr/share/mate:/usr/share/gnome:/home/cc/ee106a/fa26/class/ee106a-agi/.local/share/flatpak/exports/share:/var/lib/flatpak/exports/share:/usr/local/share/:/usr/share/:/var/lib/snapd/desktop:/usr/local/share:/usr/share'), ('PYTHONPATH', '/home/ff/ee106a/robot_workspaces/ur/install/ur7e_utils/lib/python3.10/site-packages:/opt/ros/humble/lib/python3.10/site-packages:/opt/ros/humble/local/lib/python3.10/dist-packages'), ('MATE_DESKTOP_SESSION_ID', 'this-is-deprecated'), ('COLCON', '1'), ('MANPATH', '/usr/local/man:/usr/man:/usr/X11/man:/usr/local/man:/share/b/grading/man:/usr/local/man:/usr/man:/usr/X11/man:/usr/local/man:/share/b/grading/man:'), ('VTE_VERSION', '6800'), ('EDITOR', 'emacs'), ('QT_FONT_DPI', '122'), ('CMAKE_PREFIX_PATH', '/home/ff/ee106a/robot_workspaces/ur/install/ur7e_utils:/opt/ros/humble')]), 'shell': False}
[12.033066] (-) TimerEvent: {}
[12.133470] (-) TimerEvent: {}
[12.169747] (turtle_patrol_interface) StdoutLine: {'line': b'[  3%] \x1b[34m\x1b[1mGenerating C code for ROS interfaces\x1b[0m\n'}
[12.210205] (turtle_patrol_interface) StdoutLine: {'line': b'[  9%] \x1b[34m\x1b[1mGenerating Rust code for ROS interfaces\x1b[0m\n'}
[12.211419] (turtle_patrol_interface) StdoutLine: {'line': b'[  9%] \x1b[34m\x1b[1mGenerating C++ code for ROS interfaces\x1b[0m\n'}
[12.232143] (turtle_patrol_interface) StdoutLine: {'line': b'[  9%] Built target ament_cmake_python_copy_turtle_patrol_interface\n'}
[12.233517] (-) TimerEvent: {}
[12.333668] (-) TimerEvent: {}
[12.433849] (-) TimerEvent: {}
[12.438162] (turtle_patrol_interface) StdoutLine: {'line': b'[  9%] Built target turtle_patrol_interface__rs\n'}
[12.443587] (turtle_patrol_interface) StdoutLine: {'line': b'[  9%] Built target turtle_patrol_interface__cpp\n'}
[12.452555] (turtle_patrol_interface) StdoutLine: {'line': b'[ 12%] \x1b[32mBuilding C object CMakeFiles/turtle_patrol_interface__rosidl_generator_c.dir/rosidl_generator_c/turtle_patrol_interface/srv/detail/patrol__functions.c.o\x1b[0m\n'}
[12.457383] (turtle_patrol_interface) StdoutLine: {'line': b'running egg_info\n'}
[12.458269] (turtle_patrol_interface) StdoutLine: {'line': b'creating turtle_patrol_interface.egg-info\n'}
[12.461025] (turtle_patrol_interface) StdoutLine: {'line': b'writing turtle_patrol_interface.egg-info/PKG-INFO\n'}
[12.464177] (turtle_patrol_interface) StdoutLine: {'line': b'[ 21%] \x1b[34m\x1b[1mGenerating C++ introspection for ROS interfaces\x1b[0m\n'}
[12.464872] (turtle_patrol_interface) StdoutLine: {'line': b'[ 21%] \x1b[34m\x1b[1mGenerating C++ type support for eProsima Fast-RTPS\x1b[0m\n'}
[12.464982] (turtle_patrol_interface) StdoutLine: {'line': b'writing dependency_links to turtle_patrol_interface.egg-info/dependency_links.txt\n'}
[12.466119] (turtle_patrol_interface) StdoutLine: {'line': b'[ 21%] \x1b[34m\x1b[1mGenerating C++ type support dispatch for ROS interfaces\x1b[0m\n'}
[12.468840] (turtle_patrol_interface) StdoutLine: {'line': b'writing top-level names to turtle_patrol_interface.egg-info/top_level.txt\n'}
[12.472728] (turtle_patrol_interface) StdoutLine: {'line': b"writing manifest file 'turtle_patrol_interface.egg-info/SOURCES.txt'\n"}
[12.489495] (turtle_patrol_interface) StdoutLine: {'line': b"reading manifest file 'turtle_patrol_interface.egg-info/SOURCES.txt'\n"}
[12.491026] (turtle_patrol_interface) StdoutLine: {'line': b"writing manifest file 'turtle_patrol_interface.egg-info/SOURCES.txt'\n"}
[12.533973] (-) TimerEvent: {}
[12.634332] (-) TimerEvent: {}
[12.665261] (turtle_patrol_interface) StdoutLine: {'line': b'[ 21%] Built target ament_cmake_python_build_turtle_patrol_interface_egg\n'}
[12.718847] (turtle_patrol_interface) StdoutLine: {'line': b'[ 25%] \x1b[32m\x1b[1mLinking C shared library libturtle_patrol_interface__rosidl_generator_c.so\x1b[0m\n'}
[12.734393] (-) TimerEvent: {}
[12.773890] (turtle_patrol_interface) StdoutLine: {'line': b'[ 25%] Built target turtle_patrol_interface__rosidl_generator_c\n'}
[12.801014] (turtle_patrol_interface) StdoutLine: {'line': b'[ 34%] \x1b[34m\x1b[1mGenerating C type support for eProsima Fast-RTPS\x1b[0m\n'}
[12.801148] (turtle_patrol_interface) StdoutLine: {'line': b'[ 34%] \x1b[34m\x1b[1mGenerating C introspection for ROS interfaces\x1b[0m\n'}
[12.802183] (turtle_patrol_interface) StdoutLine: {'line': b'[ 34%] \x1b[34m\x1b[1mGenerating C type support dispatch for ROS interfaces\x1b[0m\n'}
[12.834484] (-) TimerEvent: {}
[12.840586] (turtle_patrol_interface) StdoutLine: {'line': b'[ 37%] \x1b[32mBuilding CXX object CMakeFiles/turtle_patrol_interface__rosidl_typesupport_cpp.dir/rosidl_typesupport_cpp/turtle_patrol_interface/srv/patrol__type_support.cpp.o\x1b[0m\n'}
[12.878172] (turtle_patrol_interface) StdoutLine: {'line': b'[ 43%] \x1b[32mBuilding CXX object CMakeFiles/turtle_patrol_interface__rosidl_typesupport_introspection_cpp.dir/rosidl_typesupport_introspection_cpp/turtle_patrol_interface/srv/detail/patrol__type_support.cpp.o\x1b[0m\n'}
[12.878798] (turtle_patrol_interface) StdoutLine: {'line': b'[ 43%] \x1b[32mBuilding CXX object CMakeFiles/turtle_patrol_interface__rosidl_typesupport_fastrtps_cpp.dir/rosidl_typesupport_fastrtps_cpp/turtle_patrol_interface/srv/detail/dds_fastrtps/patrol__type_support.cpp.o\x1b[0m\n'}
[12.934573] (-) TimerEvent: {}
[13.034818] (-) TimerEvent: {}
[13.061493] (turtle_patrol_interface) StdoutLine: {'line': b'[ 46%] \x1b[32mBuilding CXX object CMakeFiles/turtle_patrol_interface__rosidl_typesupport_c.dir/rosidl_typesupport_c/turtle_patrol_interface/srv/patrol__type_support.cpp.o\x1b[0m\n'}
[13.085468] (turtle_patrol_interface) StdoutLine: {'line': b'[ 53%] \x1b[32mBuilding C object CMakeFiles/turtle_patrol_interface__rosidl_typesupport_introspection_c.dir/rosidl_typesupport_introspection_c/turtle_patrol_interface/srv/detail/patrol__type_support.c.o\x1b[0m\n'}
[13.085962] (turtle_patrol_interface) StdoutLine: {'line': b'[ 53%] \x1b[32mBuilding CXX object CMakeFiles/turtle_patrol_interface__rosidl_typesupport_fastrtps_c.dir/rosidl_typesupport_fastrtps_c/turtle_patrol_interface/srv/detail/patrol__type_support_c.cpp.o\x1b[0m\n'}
[13.112623] (turtle_patrol_interface) StdoutLine: {'line': b'[ 56%] \x1b[32m\x1b[1mLinking CXX shared library libturtle_patrol_interface__rosidl_typesupport_c.so\x1b[0m\n'}
[13.134864] (-) TimerEvent: {}
[13.142723] (turtle_patrol_interface) StdoutLine: {'line': b'[ 62%] \x1b[32m\x1b[1mLinking C shared library libturtle_patrol_interface__rosidl_typesupport_introspection_c.so\x1b[0m\n'}
[13.143520] (turtle_patrol_interface) StdoutLine: {'line': b'[ 62%] \x1b[32m\x1b[1mLinking CXX shared library libturtle_patrol_interface__rosidl_typesupport_cpp.so\x1b[0m\n'}
[13.181928] (turtle_patrol_interface) StdoutLine: {'line': b'[ 62%] Built target turtle_patrol_interface__rosidl_typesupport_c\n'}
[13.203894] (turtle_patrol_interface) StdoutLine: {'line': b'[ 62%] Built target turtle_patrol_interface__rosidl_typesupport_introspection_c\n'}
[13.204612] (turtle_patrol_interface) StdoutLine: {'line': b'[ 62%] Built target turtle_patrol_interface__rosidl_typesupport_cpp\n'}
[13.230807] (turtle_patrol_interface) StdoutLine: {'line': b'[ 65%] \x1b[32m\x1b[1mLinking CXX shared library libturtle_patrol_interface__rosidl_typesupport_introspection_cpp.so\x1b[0m\n'}
[13.234931] (-) TimerEvent: {}
[13.285723] (turtle_patrol_interface) StdoutLine: {'line': b'[ 68%] \x1b[32m\x1b[1mLinking CXX shared library libturtle_patrol_interface__rosidl_typesupport_fastrtps_cpp.so\x1b[0m\n'}
[13.311109] (turtle_patrol_interface) StdoutLine: {'line': b'[ 68%] Built target turtle_patrol_interface__rosidl_typesupport_introspection_cpp\n'}
[13.335000] (-) TimerEvent: {}
[13.367005] (turtle_patrol_interface) StdoutLine: {'line': b'[ 71%] \x1b[32m\x1b[1mLinking CXX shared library libturtle_patrol_interface__rosidl_typesupport_fastrtps_c.so\x1b[0m\n'}
[13.374187] (turtle_patrol_interface) StdoutLine: {'line': b'[ 71%] Built target turtle_patrol_interface__rosidl_typesupport_fastrtps_cpp\n'}
[13.435089] (-) TimerEvent: {}
[13.495463] (turtle_patrol_interface) StdoutLine: {'line': b'[ 71%] Built target turtle_patrol_interface__rosidl_typesupport_fastrtps_c\n'}
[13.535172] (-) TimerEvent: {}
[13.554172] (turtle_patrol_interface) StdoutLine: {'line': b'[ 71%] Built target turtle_patrol_interface\n'}
[13.608971] (turtle_patrol_interface) StdoutLine: {'line': b'[ 75%] \x1b[34m\x1b[1mGenerating Python code for ROS interfaces\x1b[0m\n'}
[13.635250] (-) TimerEvent: {}
[13.735467] (-) TimerEvent: {}
[13.835622] (-) TimerEvent: {}
[13.935867] (-) TimerEvent: {}
[13.936250] (turtle_patrol_interface) StdoutLine: {'line': b'[ 75%] Built target turtle_patrol_interface__py\n'}
[14.005260] (turtle_patrol_interface) StdoutLine: {'line': b'[ 78%] \x1b[32mBuilding C object CMakeFiles/turtle_patrol_interface__rosidl_generator_py.dir/rosidl_generator_py/turtle_patrol_interface/srv/_patrol_s.c.o\x1b[0m\n'}
[14.035930] (-) TimerEvent: {}
[14.136206] (-) TimerEvent: {}
[14.234048] (turtle_patrol_interface) StdoutLine: {'line': b'[ 81%] \x1b[32m\x1b[1mLinking C shared library rosidl_generator_py/turtle_patrol_interface/libturtle_patrol_interface__rosidl_generator_py.so\x1b[0m\n'}
[14.236269] (-) TimerEvent: {}
[14.336472] (-) TimerEvent: {}
[14.351856] (turtle_patrol_interface) StdoutLine: {'line': b'[ 81%] Built target turtle_patrol_interface__rosidl_generator_py\n'}
[14.436006] (turtle_patrol_interface) StdoutLine: {'line': b'[ 90%] \x1b[32mBuilding C object CMakeFiles/turtle_patrol_interface__rosidl_typesupport_c__pyext.dir/rosidl_generator_py/turtle_patrol_interface/_turtle_patrol_interface_s.ep.rosidl_typesupport_c.c.o\x1b[0m\n'}
[14.436139] (turtle_patrol_interface) StdoutLine: {'line': b'[ 90%] \x1b[32mBuilding C object CMakeFiles/turtle_patrol_interface__rosidl_typesupport_fastrtps_c__pyext.dir/rosidl_generator_py/turtle_patrol_interface/_turtle_patrol_interface_s.ep.rosidl_typesupport_fastrtps_c.c.o\x1b[0m\n'}
[14.436527] (-) TimerEvent: {}
[14.437043] (turtle_patrol_interface) StdoutLine: {'line': b'[ 90%] \x1b[32mBuilding C object CMakeFiles/turtle_patrol_interface__rosidl_typesupport_introspection_c__pyext.dir/rosidl_generator_py/turtle_patrol_interface/_turtle_patrol_interface_s.ep.rosidl_typesupport_introspection_c.c.o\x1b[0m\n'}
[14.536624] (-) TimerEvent: {}
[14.556349] (turtle_patrol_interface) StdoutLine: {'line': b'[ 96%] \x1b[32m\x1b[1mLinking C shared library rosidl_generator_py/turtle_patrol_interface/turtle_patrol_interface_s__rosidl_typesupport_fastrtps_c.cpython-310-x86_64-linux-gnu.so\x1b[0m\n'}
[14.558337] (turtle_patrol_interface) StdoutLine: {'line': b'[100%] \x1b[32m\x1b[1mLinking C shared library rosidl_generator_py/turtle_patrol_interface/turtle_patrol_interface_s__rosidl_typesupport_c.cpython-310-x86_64-linux-gnu.so\x1b[0m\n'}
[14.560058] (turtle_patrol_interface) StdoutLine: {'line': b'[100%] \x1b[32m\x1b[1mLinking C shared library rosidl_generator_py/turtle_patrol_interface/turtle_patrol_interface_s__rosidl_typesupport_introspection_c.cpython-310-x86_64-linux-gnu.so\x1b[0m\n'}
[14.627106] (turtle_patrol_interface) StdoutLine: {'line': b'[100%] Built target turtle_patrol_interface__rosidl_typesupport_c__pyext\n'}
[14.627571] (turtle_patrol_interface) StdoutLine: {'line': b'[100%] Built target turtle_patrol_interface__rosidl_typesupport_introspection_c__pyext\n'}
[14.627633] (turtle_patrol_interface) StdoutLine: {'line': b'[100%] Built target turtle_patrol_interface__rosidl_typesupport_fastrtps_c__pyext\n'}
[14.636686] (-) TimerEvent: {}
[14.700070] (turtle_patrol_interface) CommandEnded: {'returncode': 0}
[14.702320] (turtle_patrol_interface) JobProgress: {'identifier': 'turtle_patrol_interface', 'progress': 'install'}
[14.736799] (-) TimerEvent: {}
[14.739668] (turtle_patrol_interface) Command: {'cmd': ['/usr/bin/cmake', '--install', '/home/cc/ee106a/fa26/class/ee106a-agi/ros_workspaces/build/turtle_patrol_interface'], 'cwd': '/home/cc/ee106a/fa26/class/ee106a-agi/ros_workspaces/build/turtle_patrol_interface', 'env': OrderedDict([('ARCH', 'x86_64'), ('QT_SCALE_FACTOR', '1'), ('USER', 'ee106a-agi'), ('HOSTNAME', 'ros2'), ('XDG_SESSION_TYPE', 'x11'), ('MASTERDIR', '/home/ff/ee106a'), ('COMPIZ_CONFIG_PROFILE', 'mate'), ('XDG_CACHE_HOME', '/home/cc/ee106a/fa26/class/ee106a-agi/.cache'), ('SHLVL', '2'), ('LD_LIBRARY_PATH', '/usr/lib/x86_64-linux-gnu/gazebo-11/plugins:/opt/ros/humble/opt/rviz_ogre_vendor/lib:/opt/ros/humble/lib/x86_64-linux-gnu:/opt/ros/humble/lib'), ('HOME', '/home/cc/ee106a/fa26/class/ee106a-agi'), ('OLDPWD', '/home/cc/ee106a/fa26/class/ee106a-agi/ros_workspaces/lab2'), ('DESKTOP_SESSION', 'mate'), ('ROS_PYTHON_VERSION', '3'), ('GTK_MODULES', 'gail:atk-bridge:appmenu-gtk-module:gail:atk-bridge:canberra-gtk-module'), ('EE106_UR_ROBOT_IP', '192.168.1.102'), ('DISTROBOX_ENTER_PATH', '/usr/local/bin/distrobox-enter'), ('SYSTEMD_EXEC_PID', '701345'), ('NNTPSERVER', 'news.csua.berkeley.edu'), ('VISUAL', 'emacs'), ('XDG_STATE_HOME', '/home/cc/ee106a/fa26/class/ee106a-agi/.local/state'), ('DBUS_SESSION_BUS_ADDRESS', 'unix:path=/run/user/91029/bus'), ('COLORTERM', 'truecolor'), ('container', 'podman'), ('UBUNTU_MENUPROXY', '1'), ('QT_QPA_PLATFORMTHEME', 'gtk2'), ('COLCON_PREFIX_PATH', '/home/ff/ee106a/robot_workspaces/ur/install'), ('ROS_DISTRO', 'humble'), ('GTK_IM_MODULE', 'ibus'), ('LOGNAME', 'ee106a-agi'), ('MASTER', 'ee106a'), ('WINDOWID', '31457286'), ('ROS_VERSION', '2'), ('XDG_SESSION_CLASS', 'user'), ('TERMINFO_DIRS', '/usr/share/terminfo:/run/host/usr/share/terminfo'), ('USERNAME', 'ee106a-agi'), ('TERM', 'xterm-256color'), ('GTK_OVERLAY_SCROLLING', '0'), ('XDG_SESSION_ID', '1397'), ('ROS_LOCALHOST_ONLY', '0'), ('WINDOWPATH', '2'), ('PATH', '/opt/ros/humble/bin:/share/b/grading/bin:/home/ff/ee106a/bin:/home/ff/ee106a/bin/arch/x86_64:/share/b/grading/bin:/home/ff/ee106a/bin:/home/ff/ee106a/bin/arch/x86_64:/usr/local/sbin:/usr/local/bin:/usr/sbin:/usr/bin:/sbin:/bin:/usr/games:/usr/local/games:/snap/bin:/snap/bin:/share/b/grading/bin:/share/b/grading/sbin:/share/b/runas/x86_64:/share/b/bin:/home/ff/ee106a/venvs/all:/usr/local/sbin:/usr/local/bin:/usr/sbin:/usr/bin:/sbin:/bin:/share/b/grading/bin:/share/b/grading/sbin:/share/b/runas/x86_64:/share/b/bin:/home/ff/ee106a/venvs/all'), ('SESSION_MANAGER', 'local/c105-8:@/tmp/.ICE-unix/701454,unix/c105-8:/tmp/.ICE-unix/701454'), ('OS', 'Linux'), ('XDG_RUNTIME_DIR', '/run/user/91029'), ('DISPLAY', ':1'), ('LANG', 'en_US.UTF-8'), ('XDG_CURRENT_DESKTOP', 'MATE'), ('XDG_DATA_HOME', '/home/cc/ee106a/fa26/class/ee106a-agi/.local/share'), ('XDG_CONFIG_HOME', '/home/cc/ee106a/fa26/class/ee106a-agi/.config'), ('XMODIFIERS', '@im=ibus'), ('XDG_SESSION_DESKTOP', 'mate'), ('XAUTHORITY', '/run/user/91029/gdm/Xauthority'), ('SSH_AUTH_SOCK', '/run/user/91029/keyring/ssh'), ('ROS_DOMAIN_ID', '28'), ('AMENT_PREFIX_PATH', '/home/ff/ee106a/robot_workspaces/ur/install/ur7e_utils:/opt/ros/humble'), ('SHELL', '/usr/bin/bash'), ('QT_ACCESSIBILITY', '1'), ('EE106_UR_ROBOT_NAME', 'astroboy'), ('GDMSESSION', 'mate'), ('RUNAS', '/share/b/runas/x86_64'), ('GPG_AGENT_INFO', '/run/user/91029/gnupg/S.gpg-agent:0:1'), ('CONFIG_SHELL', '/usr/bin/ksh'), ('QT_IM_MODULE', 'ibus'), ('PWD', '/home/cc/ee106a/fa26/class/ee106a-agi/ros_workspaces/build/turtle_patrol_interface'), ('EE106_ENV_SETUP', 'ur_ros2'), ('CONTAINER_ID', 'ros2'), ('LC_ALL', 'C.UTF-8'), ('XDG_CONFIG_DIRS', '/etc/xdg/xdg-mate:/etc/xdg'), ('CLUTTER_IM_MODULE', 'ibus'), ('XDG_DATA_DIRS', '/usr/share/mate:/usr/share/mate:/usr/share/gnome:/home/cc/ee106a/fa26/class/ee106a-agi/.local/share/flatpak/exports/share:/var/lib/flatpak/exports/share:/usr/local/share/:/usr/share/:/var/lib/snapd/desktop:/usr/local/share:/usr/share'), ('PYTHONPATH', '/home/ff/ee106a/robot_workspaces/ur/install/ur7e_utils/lib/python3.10/site-packages:/opt/ros/humble/lib/python3.10/site-packages:/opt/ros/humble/local/lib/python3.10/dist-packages'), ('MATE_DESKTOP_SESSION_ID', 'this-is-deprecated'), ('COLCON', '1'), ('MANPATH', '/usr/local/man:/usr/man:/usr/X11/man:/usr/local/man:/share/b/grading/man:/usr/local/man:/usr/man:/usr/X11/man:/usr/local/man:/share/b/grading/man:'), ('VTE_VERSION', '6800'), ('EDITOR', 'emacs'), ('QT_FONT_DPI', '122'), ('CMAKE_PREFIX_PATH', '/home/ff/ee106a/robot_workspaces/ur/install/ur7e_utils:/opt/ros/humble')]), 'shell': False}
[14.768640] (turtle_patrol_interface) StdoutLine: {'line': b'-- Install configuration: ""\n'}
[14.788691] (turtle_patrol_interface) StdoutLine: {'line': b'-- Installing: /home/cc/ee106a/fa26/class/ee106a-agi/ros_workspaces/install/turtle_patrol_interface/share/ament_index/resource_index/rosidl_interfaces/turtle_patrol_interface\n'}
[14.836835] (-) TimerEvent: {}
[14.874485] (turtle_patrol_interface) StdoutLine: {'line': b'-- Installing: /home/cc/ee106a/fa26/class/ee106a-agi/ros_workspaces/install/turtle_patrol_interface/include/turtle_patrol_interface/turtle_patrol_interface\n'}
[14.882516] (turtle_patrol_interface) StdoutLine: {'line': b'-- Installing: /home/cc/ee106a/fa26/class/ee106a-agi/ros_workspaces/install/turtle_patrol_interface/include/turtle_patrol_interface/turtle_patrol_interface/srv\n'}
[14.888569] (turtle_patrol_interface) StdoutLine: {'line': b'-- Installing: /home/cc/ee106a/fa26/class/ee106a-agi/ros_workspaces/install/turtle_patrol_interface/include/turtle_patrol_interface/turtle_patrol_interface/srv/patrol.h\n'}
[14.895261] (turtle_patrol_interface) StdoutLine: {'line': b'-- Installing: /home/cc/ee106a/fa26/class/ee106a-agi/ros_workspaces/install/turtle_patrol_interface/include/turtle_patrol_interface/turtle_patrol_interface/srv/detail\n'}
[14.901767] (turtle_patrol_interface) StdoutLine: {'line': b'-- Installing: /home/cc/ee106a/fa26/class/ee106a-agi/ros_workspaces/install/turtle_patrol_interface/include/turtle_patrol_interface/turtle_patrol_interface/srv/detail/patrol__functions.h\n'}
[14.908543] (turtle_patrol_interface) StdoutLine: {'line': b'-- Installing: /home/cc/ee106a/fa26/class/ee106a-agi/ros_workspaces/install/turtle_patrol_interface/include/turtle_patrol_interface/turtle_patrol_interface/srv/detail/patrol__struct.h\n'}
[14.916723] (turtle_patrol_interface) StdoutLine: {'line': b'-- Installing: /home/cc/ee106a/fa26/class/ee106a-agi/ros_workspaces/install/turtle_patrol_interface/include/turtle_patrol_interface/turtle_patrol_interface/srv/detail/patrol__type_support.h\n'}
[14.932732] (turtle_patrol_interface) StdoutLine: {'line': b'-- Installing: /home/cc/ee106a/fa26/class/ee106a-agi/ros_workspaces/install/turtle_patrol_interface/include/turtle_patrol_interface/turtle_patrol_interface/srv/detail/patrol__functions.c\n'}
[14.936956] (-) TimerEvent: {}
[14.942858] (turtle_patrol_interface) StdoutLine: {'line': b'-- Installing: /home/cc/ee106a/fa26/class/ee106a-agi/ros_workspaces/install/turtle_patrol_interface/include/turtle_patrol_interface/turtle_patrol_interface/msg\n'}
[14.948885] (turtle_patrol_interface) StdoutLine: {'line': b'-- Installing: /home/cc/ee106a/fa26/class/ee106a-agi/ros_workspaces/install/turtle_patrol_interface/include/turtle_patrol_interface/turtle_patrol_interface/msg/rosidl_generator_c__visibility_control.h\n'}
[14.960389] (turtle_patrol_interface) StdoutLine: {'line': b'-- Installing: /home/cc/ee106a/fa26/class/ee106a-agi/ros_workspaces/install/turtle_patrol_interface/share/turtle_patrol_interface/environment/library_path.sh\n'}
[14.970509] (turtle_patrol_interface) StdoutLine: {'line': b'-- Installing: /home/cc/ee106a/fa26/class/ee106a-agi/ros_workspaces/install/turtle_patrol_interface/share/turtle_patrol_interface/environment/library_path.dsv\n'}
[14.980106] (turtle_patrol_interface) StdoutLine: {'line': b'-- Installing: /home/cc/ee106a/fa26/class/ee106a-agi/ros_workspaces/install/turtle_patrol_interface/lib/libturtle_patrol_interface__rosidl_generator_c.so\n'}
[14.989320] (turtle_patrol_interface) StdoutLine: {'line': b'-- Set runtime path of "/home/cc/ee106a/fa26/class/ee106a-agi/ros_workspaces/install/turtle_patrol_interface/lib/libturtle_patrol_interface__rosidl_generator_c.so" to ""\n'}
[14.990783] (turtle_patrol_interface) StdoutLine: {'line': b'-- Up-to-date: /home/cc/ee106a/fa26/class/ee106a-agi/ros_workspaces/install/turtle_patrol_interface/include/turtle_patrol_interface/turtle_patrol_interface\n'}
[14.992959] (turtle_patrol_interface) StdoutLine: {'line': b'-- Up-to-date: /home/cc/ee106a/fa26/class/ee106a-agi/ros_workspaces/install/turtle_patrol_interface/include/turtle_patrol_interface/turtle_patrol_interface/msg\n'}
[14.995043] (turtle_patrol_interface) StdoutLine: {'line': b'-- Installing: /home/cc/ee106a/fa26/class/ee106a-agi/ros_workspaces/install/turtle_patrol_interface/include/turtle_patrol_interface/turtle_patrol_interface/msg/rosidl_typesupport_fastrtps_c__visibility_control.h\n'}
[15.001080] (turtle_patrol_interface) StdoutLine: {'line': b'-- Up-to-date: /home/cc/ee106a/fa26/class/ee106a-agi/ros_workspaces/install/turtle_patrol_interface/include/turtle_patrol_interface/turtle_patrol_interface/srv\n'}
[15.002926] (turtle_patrol_interface) StdoutLine: {'line': b'-- Up-to-date: /home/cc/ee106a/fa26/class/ee106a-agi/ros_workspaces/install/turtle_patrol_interface/include/turtle_patrol_interface/turtle_patrol_interface/srv/detail\n'}
[15.005262] (turtle_patrol_interface) StdoutLine: {'line': b'-- Installing: /home/cc/ee106a/fa26/class/ee106a-agi/ros_workspaces/install/turtle_patrol_interface/include/turtle_patrol_interface/turtle_patrol_interface/srv/detail/patrol__rosidl_typesupport_fastrtps_c.h\n'}
[15.013240] (turtle_patrol_interface) StdoutLine: {'line': b'-- Installing: /home/cc/ee106a/fa26/class/ee106a-agi/ros_workspaces/install/turtle_patrol_interface/lib/libturtle_patrol_interface__rosidl_typesupport_fastrtps_c.so\n'}
[15.022666] (turtle_patrol_interface) StdoutLine: {'line': b'-- Set runtime path of "/home/cc/ee106a/fa26/class/ee106a-agi/ros_workspaces/install/turtle_patrol_interface/lib/libturtle_patrol_interface__rosidl_typesupport_fastrtps_c.so" to ""\n'}
[15.024083] (turtle_patrol_interface) StdoutLine: {'line': b'-- Up-to-date: /home/cc/ee106a/fa26/class/ee106a-agi/ros_workspaces/install/turtle_patrol_interface/include/turtle_patrol_interface/turtle_patrol_interface\n'}
[15.026322] (turtle_patrol_interface) StdoutLine: {'line': b'-- Up-to-date: /home/cc/ee106a/fa26/class/ee106a-agi/ros_workspaces/install/turtle_patrol_interface/include/turtle_patrol_interface/turtle_patrol_interface/msg\n'}
[15.028446] (turtle_patrol_interface) StdoutLine: {'line': b'-- Installing: /home/cc/ee106a/fa26/class/ee106a-agi/ros_workspaces/install/turtle_patrol_interface/include/turtle_patrol_interface/turtle_patrol_interface/msg/rosidl_generator_cpp__visibility_control.hpp\n'}
[15.035074] (turtle_patrol_interface) StdoutLine: {'line': b'-- Up-to-date: /home/cc/ee106a/fa26/class/ee106a-agi/ros_workspaces/install/turtle_patrol_interface/include/turtle_patrol_interface/turtle_patrol_interface/srv\n'}
[15.037013] (-) TimerEvent: {}
[15.037276] (turtle_patrol_interface) StdoutLine: {'line': b'-- Up-to-date: /home/cc/ee106a/fa26/class/ee106a-agi/ros_workspaces/install/turtle_patrol_interface/include/turtle_patrol_interface/turtle_patrol_interface/srv/detail\n'}
[15.039198] (turtle_patrol_interface) StdoutLine: {'line': b'-- Installing: /home/cc/ee106a/fa26/class/ee106a-agi/ros_workspaces/install/turtle_patrol_interface/include/turtle_patrol_interface/turtle_patrol_interface/srv/detail/patrol__type_support.hpp\n'}
[15.046076] (turtle_patrol_interface) StdoutLine: {'line': b'-- Installing: /home/cc/ee106a/fa26/class/ee106a-agi/ros_workspaces/install/turtle_patrol_interface/include/turtle_patrol_interface/turtle_patrol_interface/srv/detail/patrol__builder.hpp\n'}
[15.062252] (turtle_patrol_interface) StdoutLine: {'line': b'-- Installing: /home/cc/ee106a/fa26/class/ee106a-agi/ros_workspaces/install/turtle_patrol_interface/include/turtle_patrol_interface/turtle_patrol_interface/srv/detail/patrol__struct.hpp\n'}
[15.076385] (turtle_patrol_interface) StdoutLine: {'line': b'-- Installing: /home/cc/ee106a/fa26/class/ee106a-agi/ros_workspaces/install/turtle_patrol_interface/include/turtle_patrol_interface/turtle_patrol_interface/srv/detail/patrol__traits.hpp\n'}
[15.084009] (turtle_patrol_interface) StdoutLine: {'line': b'-- Installing: /home/cc/ee106a/fa26/class/ee106a-agi/ros_workspaces/install/turtle_patrol_interface/include/turtle_patrol_interface/turtle_patrol_interface/srv/patrol.hpp\n'}
[15.091395] (turtle_patrol_interface) StdoutLine: {'line': b'-- Up-to-date: /home/cc/ee106a/fa26/class/ee106a-agi/ros_workspaces/install/turtle_patrol_interface/include/turtle_patrol_interface/turtle_patrol_interface\n'}
[15.093520] (turtle_patrol_interface) StdoutLine: {'line': b'-- Up-to-date: /home/cc/ee106a/fa26/class/ee106a-agi/ros_workspaces/install/turtle_patrol_interface/include/turtle_patrol_interface/turtle_patrol_interface/srv\n'}
[15.095695] (turtle_patrol_interface) StdoutLine: {'line': b'-- Up-to-date: /home/cc/ee106a/fa26/class/ee106a-agi/ros_workspaces/install/turtle_patrol_interface/include/turtle_patrol_interface/turtle_patrol_interface/srv/detail\n'}
[15.097867] (turtle_patrol_interface) StdoutLine: {'line': b'-- Installing: /home/cc/ee106a/fa26/class/ee106a-agi/ros_workspaces/install/turtle_patrol_interface/include/turtle_patrol_interface/turtle_patrol_interface/srv/detail/patrol__rosidl_typesupport_fastrtps_cpp.hpp\n'}
[15.104324] (turtle_patrol_interface) StdoutLine: {'line': b'-- Installing: /home/cc/ee106a/fa26/class/ee106a-agi/ros_workspaces/install/turtle_patrol_interface/include/turtle_patrol_interface/turtle_patrol_interface/srv/detail/dds_fastrtps\n'}
[15.110469] (turtle_patrol_interface) StdoutLine: {'line': b'-- Up-to-date: /home/cc/ee106a/fa26/class/ee106a-agi/ros_workspaces/install/turtle_patrol_interface/include/turtle_patrol_interface/turtle_patrol_interface/msg\n'}
[15.112566] (turtle_patrol_interface) StdoutLine: {'line': b'-- Installing: /home/cc/ee106a/fa26/class/ee106a-agi/ros_workspaces/install/turtle_patrol_interface/include/turtle_patrol_interface/turtle_patrol_interface/msg/rosidl_typesupport_fastrtps_cpp__visibility_control.h\n'}
[15.121021] (turtle_patrol_interface) StdoutLine: {'line': b'-- Installing: /home/cc/ee106a/fa26/class/ee106a-agi/ros_workspaces/install/turtle_patrol_interface/lib/libturtle_patrol_interface__rosidl_typesupport_fastrtps_cpp.so\n'}
[15.130917] (turtle_patrol_interface) StdoutLine: {'line': b'-- Set runtime path of "/home/cc/ee106a/fa26/class/ee106a-agi/ros_workspaces/install/turtle_patrol_interface/lib/libturtle_patrol_interface__rosidl_typesupport_fastrtps_cpp.so" to ""\n'}
[15.132580] (turtle_patrol_interface) StdoutLine: {'line': b'-- Up-to-date: /home/cc/ee106a/fa26/class/ee106a-agi/ros_workspaces/install/turtle_patrol_interface/include/turtle_patrol_interface/turtle_patrol_interface\n'}
[15.134521] (turtle_patrol_interface) StdoutLine: {'line': b'-- Up-to-date: /home/cc/ee106a/fa26/class/ee106a-agi/ros_workspaces/install/turtle_patrol_interface/include/turtle_patrol_interface/turtle_patrol_interface/srv\n'}
[15.136542] (turtle_patrol_interface) StdoutLine: {'line': b'-- Up-to-date: /home/cc/ee106a/fa26/class/ee106a-agi/ros_workspaces/install/turtle_patrol_interface/include/turtle_patrol_interface/turtle_patrol_interface/srv/detail\n'}
[15.137084] (-) TimerEvent: {}
[15.138630] (turtle_patrol_interface) StdoutLine: {'line': b'-- Installing: /home/cc/ee106a/fa26/class/ee106a-agi/ros_workspaces/install/turtle_patrol_interface/include/turtle_patrol_interface/turtle_patrol_interface/srv/detail/patrol__rosidl_typesupport_introspection_c.h\n'}
[15.145066] (turtle_patrol_interface) StdoutLine: {'line': b'-- Installing: /home/cc/ee106a/fa26/class/ee106a-agi/ros_workspaces/install/turtle_patrol_interface/include/turtle_patrol_interface/turtle_patrol_interface/srv/detail/patrol__type_support.c\n'}
[15.151658] (turtle_patrol_interface) StdoutLine: {'line': b'-- Up-to-date: /home/cc/ee106a/fa26/class/ee106a-agi/ros_workspaces/install/turtle_patrol_interface/include/turtle_patrol_interface/turtle_patrol_interface/msg\n'}
[15.153847] (turtle_patrol_interface) StdoutLine: {'line': b'-- Installing: /home/cc/ee106a/fa26/class/ee106a-agi/ros_workspaces/install/turtle_patrol_interface/include/turtle_patrol_interface/turtle_patrol_interface/msg/rosidl_typesupport_introspection_c__visibility_control.h\n'}
[15.161413] (turtle_patrol_interface) StdoutLine: {'line': b'-- Installing: /home/cc/ee106a/fa26/class/ee106a-agi/ros_workspaces/install/turtle_patrol_interface/lib/libturtle_patrol_interface__rosidl_typesupport_introspection_c.so\n'}
[15.170771] (turtle_patrol_interface) StdoutLine: {'line': b'-- Set runtime path of "/home/cc/ee106a/fa26/class/ee106a-agi/ros_workspaces/install/turtle_patrol_interface/lib/libturtle_patrol_interface__rosidl_typesupport_introspection_c.so" to ""\n'}
[15.172473] (turtle_patrol_interface) StdoutLine: {'line': b'-- Installing: /home/cc/ee106a/fa26/class/ee106a-agi/ros_workspaces/install/turtle_patrol_interface/lib/libturtle_patrol_interface__rosidl_typesupport_c.so\n'}
[15.186446] (turtle_patrol_interface) StdoutLine: {'line': b'-- Set runtime path of "/home/cc/ee106a/fa26/class/ee106a-agi/ros_workspaces/install/turtle_patrol_interface/lib/libturtle_patrol_interface__rosidl_typesupport_c.so" to ""\n'}
[15.189076] (turtle_patrol_interface) StdoutLine: {'line': b'-- Up-to-date: /home/cc/ee106a/fa26/class/ee106a-agi/ros_workspaces/install/turtle_patrol_interface/include/turtle_patrol_interface/turtle_patrol_interface\n'}
[15.192461] (turtle_patrol_interface) StdoutLine: {'line': b'-- Up-to-date: /home/cc/ee106a/fa26/class/ee106a-agi/ros_workspaces/install/turtle_patrol_interface/include/turtle_patrol_interface/turtle_patrol_interface/srv\n'}
[15.196485] (turtle_patrol_interface) StdoutLine: {'line': b'-- Up-to-date: /home/cc/ee106a/fa26/class/ee106a-agi/ros_workspaces/install/turtle_patrol_interface/include/turtle_patrol_interface/turtle_patrol_interface/srv/detail\n'}
[15.201159] (turtle_patrol_interface) StdoutLine: {'line': b'-- Installing: /home/cc/ee106a/fa26/class/ee106a-agi/ros_workspaces/install/turtle_patrol_interface/include/turtle_patrol_interface/turtle_patrol_interface/srv/detail/patrol__rosidl_typesupport_introspection_cpp.hpp\n'}
[15.212256] (turtle_patrol_interface) StdoutLine: {'line': b'-- Installing: /home/cc/ee106a/fa26/class/ee106a-agi/ros_workspaces/install/turtle_patrol_interface/include/turtle_patrol_interface/turtle_patrol_interface/srv/detail/patrol__type_support.cpp\n'}
[15.220662] (turtle_patrol_interface) StdoutLine: {'line': b'-- Installing: /home/cc/ee106a/fa26/class/ee106a-agi/ros_workspaces/install/turtle_patrol_interface/lib/libturtle_patrol_interface__rosidl_typesupport_introspection_cpp.so\n'}
[15.230026] (turtle_patrol_interface) StdoutLine: {'line': b'-- Set runtime path of "/home/cc/ee106a/fa26/class/ee106a-agi/ros_workspaces/install/turtle_patrol_interface/lib/libturtle_patrol_interface__rosidl_typesupport_introspection_cpp.so" to ""\n'}
[15.231920] (turtle_patrol_interface) StdoutLine: {'line': b'-- Installing: /home/cc/ee106a/fa26/class/ee106a-agi/ros_workspaces/install/turtle_patrol_interface/lib/libturtle_patrol_interface__rosidl_typesupport_cpp.so\n'}
[15.237184] (-) TimerEvent: {}
[15.242041] (turtle_patrol_interface) StdoutLine: {'line': b'-- Set runtime path of "/home/cc/ee106a/fa26/class/ee106a-agi/ros_workspaces/install/turtle_patrol_interface/lib/libturtle_patrol_interface__rosidl_typesupport_cpp.so" to ""\n'}
[15.243711] (turtle_patrol_interface) StdoutLine: {'line': b'-- Installing: /home/cc/ee106a/fa26/class/ee106a-agi/ros_workspaces/install/turtle_patrol_interface/share/turtle_patrol_interface/environment/pythonpath.sh\n'}
[15.250510] (turtle_patrol_interface) StdoutLine: {'line': b'-- Installing: /home/cc/ee106a/fa26/class/ee106a-agi/ros_workspaces/install/turtle_patrol_interface/share/turtle_patrol_interface/environment/pythonpath.dsv\n'}
[15.257281] (turtle_patrol_interface) StdoutLine: {'line': b'-- Installing: /home/cc/ee106a/fa26/class/ee106a-agi/ros_workspaces/install/turtle_patrol_interface/local/lib/python3.10/dist-packages/turtle_patrol_interface-0.0.0-py3.10.egg-info\n'}
[15.266560] (turtle_patrol_interface) StdoutLine: {'line': b'-- Installing: /home/cc/ee106a/fa26/class/ee106a-agi/ros_workspaces/install/turtle_patrol_interface/local/lib/python3.10/dist-packages/turtle_patrol_interface-0.0.0-py3.10.egg-info/dependency_links.txt\n'}
[15.272828] (turtle_patrol_interface) StdoutLine: {'line': b'-- Installing: /home/cc/ee106a/fa26/class/ee106a-agi/ros_workspaces/install/turtle_patrol_interface/local/lib/python3.10/dist-packages/turtle_patrol_interface-0.0.0-py3.10.egg-info/PKG-INFO\n'}
[15.280418] (turtle_patrol_interface) StdoutLine: {'line': b'-- Installing: /home/cc/ee106a/fa26/class/ee106a-agi/ros_workspaces/install/turtle_patrol_interface/local/lib/python3.10/dist-packages/turtle_patrol_interface-0.0.0-py3.10.egg-info/top_level.txt\n'}
[15.288427] (turtle_patrol_interface) StdoutLine: {'line': b'-- Installing: /home/cc/ee106a/fa26/class/ee106a-agi/ros_workspaces/install/turtle_patrol_interface/local/lib/python3.10/dist-packages/turtle_patrol_interface-0.0.0-py3.10.egg-info/SOURCES.txt\n'}
[15.296628] (turtle_patrol_interface) StdoutLine: {'line': b'-- Installing: /home/cc/ee106a/fa26/class/ee106a-agi/ros_workspaces/install/turtle_patrol_interface/local/lib/python3.10/dist-packages/turtle_patrol_interface\n'}
[15.304557] (turtle_patrol_interface) StdoutLine: {'line': b'-- Installing: /home/cc/ee106a/fa26/class/ee106a-agi/ros_workspaces/install/turtle_patrol_interface/local/lib/python3.10/dist-packages/turtle_patrol_interface/turtle_patrol_interface_s__rosidl_typesupport_c.cpython-310-x86_64-linux-gnu.so\n'}
[15.321437] (turtle_patrol_interface) StdoutLine: {'line': b'-- Installing: /home/cc/ee106a/fa26/class/ee106a-agi/ros_workspaces/install/turtle_patrol_interface/local/lib/python3.10/dist-packages/turtle_patrol_interface/__init__.py\n'}
[15.332371] (turtle_patrol_interface) StdoutLine: {'line': b'-- Installing: /home/cc/ee106a/fa26/class/ee106a-agi/ros_workspaces/install/turtle_patrol_interface/local/lib/python3.10/dist-packages/turtle_patrol_interface/turtle_patrol_interface_s__rosidl_typesupport_fastrtps_c.cpython-310-x86_64-linux-gnu.so\n'}
[15.337299] (-) TimerEvent: {}
[15.339831] (turtle_patrol_interface) StdoutLine: {'line': b'-- Installing: /home/cc/ee106a/fa26/class/ee106a-agi/ros_workspaces/install/turtle_patrol_interface/local/lib/python3.10/dist-packages/turtle_patrol_interface/_turtle_patrol_interface_s.ep.rosidl_typesupport_introspection_c.c\n'}
[15.346490] (turtle_patrol_interface) StdoutLine: {'line': b'-- Installing: /home/cc/ee106a/fa26/class/ee106a-agi/ros_workspaces/install/turtle_patrol_interface/local/lib/python3.10/dist-packages/turtle_patrol_interface/libturtle_patrol_interface__rosidl_generator_py.so\n'}
[15.353293] (turtle_patrol_interface) StdoutLine: {'line': b'-- Installing: /home/cc/ee106a/fa26/class/ee106a-agi/ros_workspaces/install/turtle_patrol_interface/local/lib/python3.10/dist-packages/turtle_patrol_interface/turtle_patrol_interface_s__rosidl_typesupport_introspection_c.cpython-310-x86_64-linux-gnu.so\n'}
[15.360403] (turtle_patrol_interface) StdoutLine: {'line': b'-- Installing: /home/cc/ee106a/fa26/class/ee106a-agi/ros_workspaces/install/turtle_patrol_interface/local/lib/python3.10/dist-packages/turtle_patrol_interface/srv\n'}
[15.366988] (turtle_patrol_interface) StdoutLine: {'line': b'-- Installing: /home/cc/ee106a/fa26/class/ee106a-agi/ros_workspaces/install/turtle_patrol_interface/local/lib/python3.10/dist-packages/turtle_patrol_interface/srv/_patrol_s.c\n'}
[15.374405] (turtle_patrol_interface) StdoutLine: {'line': b'-- Installing: /home/cc/ee106a/fa26/class/ee106a-agi/ros_workspaces/install/turtle_patrol_interface/local/lib/python3.10/dist-packages/turtle_patrol_interface/srv/_patrol.py\n'}
[15.381593] (turtle_patrol_interface) StdoutLine: {'line': b'-- Installing: /home/cc/ee106a/fa26/class/ee106a-agi/ros_workspaces/install/turtle_patrol_interface/local/lib/python3.10/dist-packages/turtle_patrol_interface/srv/__init__.py\n'}
[15.388289] (turtle_patrol_interface) StdoutLine: {'line': b'-- Installing: /home/cc/ee106a/fa26/class/ee106a-agi/ros_workspaces/install/turtle_patrol_interface/local/lib/python3.10/dist-packages/turtle_patrol_interface/_turtle_patrol_interface_s.ep.rosidl_typesupport_fastrtps_c.c\n'}
[15.394968] (turtle_patrol_interface) StdoutLine: {'line': b'-- Installing: /home/cc/ee106a/fa26/class/ee106a-agi/ros_workspaces/install/turtle_patrol_interface/local/lib/python3.10/dist-packages/turtle_patrol_interface/_turtle_patrol_interface_s.ep.rosidl_typesupport_c.c\n'}
[15.437377] (-) TimerEvent: {}
[15.507981] (turtle_patrol_interface) StdoutLine: {'line': b"Listing '/home/cc/ee106a/fa26/class/ee106a-agi/ros_workspaces/install/turtle_patrol_interface/local/lib/python3.10/dist-packages/turtle_patrol_interface'...\n"}
[15.508176] (turtle_patrol_interface) StdoutLine: {'line': b"Compiling '/home/cc/ee106a/fa26/class/ee106a-agi/ros_workspaces/install/turtle_patrol_interface/local/lib/python3.10/dist-packages/turtle_patrol_interface/__init__.py'...\n"}
[15.509059] (turtle_patrol_interface) StdoutLine: {'line': b"Listing '/home/cc/ee106a/fa26/class/ee106a-agi/ros_workspaces/install/turtle_patrol_interface/local/lib/python3.10/dist-packages/turtle_patrol_interface/srv'...\n"}
[15.509138] (turtle_patrol_interface) StdoutLine: {'line': b"Compiling '/home/cc/ee106a/fa26/class/ee106a-agi/ros_workspaces/install/turtle_patrol_interface/local/lib/python3.10/dist-packages/turtle_patrol_interface/srv/__init__.py'...\n"}
[15.509219] (turtle_patrol_interface) StdoutLine: {'line': b"Compiling '/home/cc/ee106a/fa26/class/ee106a-agi/ros_workspaces/install/turtle_patrol_interface/local/lib/python3.10/dist-packages/turtle_patrol_interface/srv/_patrol.py'...\n"}
[15.516784] (turtle_patrol_interface) StdoutLine: {'line': b'-- Installing: /home/cc/ee106a/fa26/class/ee106a-agi/ros_workspaces/install/turtle_patrol_interface/local/lib/python3.10/dist-packages/turtle_patrol_interface/turtle_patrol_interface_s__rosidl_typesupport_fastrtps_c.cpython-310-x86_64-linux-gnu.so\n'}
[15.526762] (turtle_patrol_interface) StdoutLine: {'line': b'-- Set runtime path of "/home/cc/ee106a/fa26/class/ee106a-agi/ros_workspaces/install/turtle_patrol_interface/local/lib/python3.10/dist-packages/turtle_patrol_interface/turtle_patrol_interface_s__rosidl_typesupport_fastrtps_c.cpython-310-x86_64-linux-gnu.so" to ""\n'}
[15.530593] (turtle_patrol_interface) StdoutLine: {'line': b'-- Installing: /home/cc/ee106a/fa26/class/ee106a-agi/ros_workspaces/install/turtle_patrol_interface/local/lib/python3.10/dist-packages/turtle_patrol_interface/turtle_patrol_interface_s__rosidl_typesupport_introspection_c.cpython-310-x86_64-linux-gnu.so\n'}
[15.537442] (-) TimerEvent: {}
[15.541099] (turtle_patrol_interface) StdoutLine: {'line': b'-- Set runtime path of "/home/cc/ee106a/fa26/class/ee106a-agi/ros_workspaces/install/turtle_patrol_interface/local/lib/python3.10/dist-packages/turtle_patrol_interface/turtle_patrol_interface_s__rosidl_typesupport_introspection_c.cpython-310-x86_64-linux-gnu.so" to ""\n'}
[15.544962] (turtle_patrol_interface) StdoutLine: {'line': b'-- Installing: /home/cc/ee106a/fa26/class/ee106a-agi/ros_workspaces/install/turtle_patrol_interface/local/lib/python3.10/dist-packages/turtle_patrol_interface/turtle_patrol_interface_s__rosidl_typesupport_c.cpython-310-x86_64-linux-gnu.so\n'}
[15.554433] (turtle_patrol_interface) StdoutLine: {'line': b'-- Set runtime path of "/home/cc/ee106a/fa26/class/ee106a-agi/ros_workspaces/install/turtle_patrol_interface/local/lib/python3.10/dist-packages/turtle_patrol_interface/turtle_patrol_interface_s__rosidl_typesupport_c.cpython-310-x86_64-linux-gnu.so" to ""\n'}
[15.556086] (turtle_patrol_interface) StdoutLine: {'line': b'-- Installing: /home/cc/ee106a/fa26/class/ee106a-agi/ros_workspaces/install/turtle_patrol_interface/lib/libturtle_patrol_interface__rosidl_generator_py.so\n'}
[15.565359] (turtle_patrol_interface) StdoutLine: {'line': b'-- Set runtime path of "/home/cc/ee106a/fa26/class/ee106a-agi/ros_workspaces/install/turtle_patrol_interface/lib/libturtle_patrol_interface__rosidl_generator_py.so" to ""\n'}
[15.572404] (turtle_patrol_interface) StdoutLine: {'line': b'-- Installing: /home/cc/ee106a/fa26/class/ee106a-agi/ros_workspaces/install/turtle_patrol_interface/share/ament_index/resource_index/rust_packages/turtle_patrol_interface\n'}
[15.583327] (turtle_patrol_interface) StdoutLine: {'line': b'-- Installing: /home/cc/ee106a/fa26/class/ee106a-agi/ros_workspaces/install/turtle_patrol_interface/share/turtle_patrol_interface/rust\n'}
[15.591559] (turtle_patrol_interface) StdoutLine: {'line': b'-- Installing: /home/cc/ee106a/fa26/class/ee106a-agi/ros_workspaces/install/turtle_patrol_interface/share/turtle_patrol_interface/rust/Cargo.toml\n'}
[15.602289] (turtle_patrol_interface) StdoutLine: {'line': b'-- Installing: /home/cc/ee106a/fa26/class/ee106a-agi/ros_workspaces/install/turtle_patrol_interface/share/turtle_patrol_interface/rust/src\n'}
[15.612338] (turtle_patrol_interface) StdoutLine: {'line': b'-- Installing: /home/cc/ee106a/fa26/class/ee106a-agi/ros_workspaces/install/turtle_patrol_interface/share/turtle_patrol_interface/rust/src/lib.rs\n'}
[15.621989] (turtle_patrol_interface) StdoutLine: {'line': b'-- Installing: /home/cc/ee106a/fa26/class/ee106a-agi/ros_workspaces/install/turtle_patrol_interface/share/turtle_patrol_interface/rust/src/srv\n'}
[15.628535] (turtle_patrol_interface) StdoutLine: {'line': b'-- Installing: /home/cc/ee106a/fa26/class/ee106a-agi/ros_workspaces/install/turtle_patrol_interface/share/turtle_patrol_interface/rust/src/srv/rmw.rs\n'}
[15.635369] (turtle_patrol_interface) StdoutLine: {'line': b'-- Installing: /home/cc/ee106a/fa26/class/ee106a-agi/ros_workspaces/install/turtle_patrol_interface/share/turtle_patrol_interface/rust/src/srv.rs\n'}
[15.637563] (-) TimerEvent: {}
[15.644177] (turtle_patrol_interface) StdoutLine: {'line': b'-- Installing: /home/cc/ee106a/fa26/class/ee106a-agi/ros_workspaces/install/turtle_patrol_interface/share/turtle_patrol_interface/rust/build.rs\n'}
[15.657980] (turtle_patrol_interface) StdoutLine: {'line': b'-- Installing: /home/cc/ee106a/fa26/class/ee106a-agi/ros_workspaces/install/turtle_patrol_interface/share/turtle_patrol_interface/srv/Patrol.idl\n'}
[15.667195] (turtle_patrol_interface) StdoutLine: {'line': b'-- Installing: /home/cc/ee106a/fa26/class/ee106a-agi/ros_workspaces/install/turtle_patrol_interface/share/turtle_patrol_interface/srv/Patrol.srv\n'}
[15.676114] (turtle_patrol_interface) StdoutLine: {'line': b'-- Installing: /home/cc/ee106a/fa26/class/ee106a-agi/ros_workspaces/install/turtle_patrol_interface/share/turtle_patrol_interface/srv/Patrol_Request.msg\n'}
[15.686217] (turtle_patrol_interface) StdoutLine: {'line': b'-- Installing: /home/cc/ee106a/fa26/class/ee106a-agi/ros_workspaces/install/turtle_patrol_interface/share/turtle_patrol_interface/srv/Patrol_Response.msg\n'}
[15.701556] (turtle_patrol_interface) StdoutLine: {'line': b'-- Installing: /home/cc/ee106a/fa26/class/ee106a-agi/ros_workspaces/install/turtle_patrol_interface/share/ament_index/resource_index/package_run_dependencies/turtle_patrol_interface\n'}
[15.718026] (turtle_patrol_interface) StdoutLine: {'line': b'-- Installing: /home/cc/ee106a/fa26/class/ee106a-agi/ros_workspaces/install/turtle_patrol_interface/share/ament_index/resource_index/parent_prefix_path/turtle_patrol_interface\n'}
[15.731062] (turtle_patrol_interface) StdoutLine: {'line': b'-- Installing: /home/cc/ee106a/fa26/class/ee106a-agi/ros_workspaces/install/turtle_patrol_interface/share/turtle_patrol_interface/environment/ament_prefix_path.sh\n'}
[15.737753] (-) TimerEvent: {}
[15.745947] (turtle_patrol_interface) StdoutLine: {'line': b'-- Installing: /home/cc/ee106a/fa26/class/ee106a-agi/ros_workspaces/install/turtle_patrol_interface/share/turtle_patrol_interface/environment/ament_prefix_path.dsv\n'}
[15.756511] (turtle_patrol_interface) StdoutLine: {'line': b'-- Installing: /home/cc/ee106a/fa26/class/ee106a-agi/ros_workspaces/install/turtle_patrol_interface/share/turtle_patrol_interface/environment/path.sh\n'}
[15.773259] (turtle_patrol_interface) StdoutLine: {'line': b'-- Installing: /home/cc/ee106a/fa26/class/ee106a-agi/ros_workspaces/install/turtle_patrol_interface/share/turtle_patrol_interface/environment/path.dsv\n'}
[15.784431] (turtle_patrol_interface) StdoutLine: {'line': b'-- Installing: /home/cc/ee106a/fa26/class/ee106a-agi/ros_workspaces/install/turtle_patrol_interface/share/turtle_patrol_interface/local_setup.bash\n'}
[15.798220] (turtle_patrol_interface) StdoutLine: {'line': b'-- Installing: /home/cc/ee106a/fa26/class/ee106a-agi/ros_workspaces/install/turtle_patrol_interface/share/turtle_patrol_interface/local_setup.sh\n'}
[15.810652] (turtle_patrol_interface) StdoutLine: {'line': b'-- Installing: /home/cc/ee106a/fa26/class/ee106a-agi/ros_workspaces/install/turtle_patrol_interface/share/turtle_patrol_interface/local_setup.zsh\n'}
[15.818766] (turtle_patrol_interface) StdoutLine: {'line': b'-- Installing: /home/cc/ee106a/fa26/class/ee106a-agi/ros_workspaces/install/turtle_patrol_interface/share/turtle_patrol_interface/local_setup.dsv\n'}
[15.826681] (turtle_patrol_interface) StdoutLine: {'line': b'-- Installing: /home/cc/ee106a/fa26/class/ee106a-agi/ros_workspaces/install/turtle_patrol_interface/share/turtle_patrol_interface/package.dsv\n'}
[15.837961] (-) TimerEvent: {}
[15.838779] (turtle_patrol_interface) StdoutLine: {'line': b'-- Installing: /home/cc/ee106a/fa26/class/ee106a-agi/ros_workspaces/install/turtle_patrol_interface/share/ament_index/resource_index/packages/turtle_patrol_interface\n'}
[15.850822] (turtle_patrol_interface) StdoutLine: {'line': b'-- Installing: /home/cc/ee106a/fa26/class/ee106a-agi/ros_workspaces/install/turtle_patrol_interface/share/turtle_patrol_interface/cmake/export_turtle_patrol_interface__rosidl_generator_cExport.cmake\n'}
[15.859348] (turtle_patrol_interface) StdoutLine: {'line': b'-- Installing: /home/cc/ee106a/fa26/class/ee106a-agi/ros_workspaces/install/turtle_patrol_interface/share/turtle_patrol_interface/cmake/export_turtle_patrol_interface__rosidl_generator_cExport-noconfig.cmake\n'}
[15.867252] (turtle_patrol_interface) StdoutLine: {'line': b'-- Installing: /home/cc/ee106a/fa26/class/ee106a-agi/ros_workspaces/install/turtle_patrol_interface/share/turtle_patrol_interface/cmake/export_turtle_patrol_interface__rosidl_typesupport_fastrtps_cExport.cmake\n'}
[15.876299] (turtle_patrol_interface) StdoutLine: {'line': b'-- Installing: /home/cc/ee106a/fa26/class/ee106a-agi/ros_workspaces/install/turtle_patrol_interface/share/turtle_patrol_interface/cmake/export_turtle_patrol_interface__rosidl_typesupport_fastrtps_cExport-noconfig.cmake\n'}
[15.883655] (turtle_patrol_interface) StdoutLine: {'line': b'-- Installing: /home/cc/ee106a/fa26/class/ee106a-agi/ros_workspaces/install/turtle_patrol_interface/share/turtle_patrol_interface/cmake/export_turtle_patrol_interface__rosidl_generator_cppExport.cmake\n'}
[15.898848] (turtle_patrol_interface) StdoutLine: {'line': b'-- Installing: /home/cc/ee106a/fa26/class/ee106a-agi/ros_workspaces/install/turtle_patrol_interface/share/turtle_patrol_interface/cmake/export_turtle_patrol_interface__rosidl_typesupport_fastrtps_cppExport.cmake\n'}
[15.915182] (turtle_patrol_interface) StdoutLine: {'line': b'-- Installing: /home/cc/ee106a/fa26/class/ee106a-agi/ros_workspaces/install/turtle_patrol_interface/share/turtle_patrol_interface/cmake/export_turtle_patrol_interface__rosidl_typesupport_fastrtps_cppExport-noconfig.cmake\n'}
[15.923160] (turtle_patrol_interface) StdoutLine: {'line': b'-- Installing: /home/cc/ee106a/fa26/class/ee106a-agi/ros_workspaces/install/turtle_patrol_interface/share/turtle_patrol_interface/cmake/turtle_patrol_interface__rosidl_typesupport_introspection_cExport.cmake\n'}
[15.929986] (turtle_patrol_interface) StdoutLine: {'line': b'-- Installing: /home/cc/ee106a/fa26/class/ee106a-agi/ros_workspaces/install/turtle_patrol_interface/share/turtle_patrol_interface/cmake/turtle_patrol_interface__rosidl_typesupport_introspection_cExport-noconfig.cmake\n'}
[15.936645] (turtle_patrol_interface) StdoutLine: {'line': b'-- Installing: /home/cc/ee106a/fa26/class/ee106a-agi/ros_workspaces/install/turtle_patrol_interface/share/turtle_patrol_interface/cmake/turtle_patrol_interface__rosidl_typesupport_cExport.cmake\n'}
[15.938028] (-) TimerEvent: {}
[15.943503] (turtle_patrol_interface) StdoutLine: {'line': b'-- Installing: /home/cc/ee106a/fa26/class/ee106a-agi/ros_workspaces/install/turtle_patrol_interface/share/turtle_patrol_interface/cmake/turtle_patrol_interface__rosidl_typesupport_cExport-noconfig.cmake\n'}
[15.950393] (turtle_patrol_interface) StdoutLine: {'line': b'-- Installing: /home/cc/ee106a/fa26/class/ee106a-agi/ros_workspaces/install/turtle_patrol_interface/share/turtle_patrol_interface/cmake/turtle_patrol_interface__rosidl_typesupport_introspection_cppExport.cmake\n'}
[15.957202] (turtle_patrol_interface) StdoutLine: {'line': b'-- Installing: /home/cc/ee106a/fa26/class/ee106a-agi/ros_workspaces/install/turtle_patrol_interface/share/turtle_patrol_interface/cmake/turtle_patrol_interface__rosidl_typesupport_introspection_cppExport-noconfig.cmake\n'}
[15.964346] (turtle_patrol_interface) StdoutLine: {'line': b'-- Installing: /home/cc/ee106a/fa26/class/ee106a-agi/ros_workspaces/install/turtle_patrol_interface/share/turtle_patrol_interface/cmake/turtle_patrol_interface__rosidl_typesupport_cppExport.cmake\n'}
[15.972585] (turtle_patrol_interface) StdoutLine: {'line': b'-- Installing: /home/cc/ee106a/fa26/class/ee106a-agi/ros_workspaces/install/turtle_patrol_interface/share/turtle_patrol_interface/cmake/turtle_patrol_interface__rosidl_typesupport_cppExport-noconfig.cmake\n'}
[15.979629] (turtle_patrol_interface) StdoutLine: {'line': b'-- Installing: /home/cc/ee106a/fa26/class/ee106a-agi/ros_workspaces/install/turtle_patrol_interface/share/turtle_patrol_interface/cmake/export_turtle_patrol_interface__rosidl_generator_pyExport.cmake\n'}
[15.987225] (turtle_patrol_interface) StdoutLine: {'line': b'-- Installing: /home/cc/ee106a/fa26/class/ee106a-agi/ros_workspaces/install/turtle_patrol_interface/share/turtle_patrol_interface/cmake/export_turtle_patrol_interface__rosidl_generator_pyExport-noconfig.cmake\n'}
[15.994114] (turtle_patrol_interface) StdoutLine: {'line': b'-- Installing: /home/cc/ee106a/fa26/class/ee106a-agi/ros_workspaces/install/turtle_patrol_interface/share/turtle_patrol_interface/cmake/rosidl_cmake-extras.cmake\n'}
[16.001616] (turtle_patrol_interface) StdoutLine: {'line': b'-- Installing: /home/cc/ee106a/fa26/class/ee106a-agi/ros_workspaces/install/turtle_patrol_interface/share/turtle_patrol_interface/cmake/ament_cmake_export_dependencies-extras.cmake\n'}
[16.009406] (turtle_patrol_interface) StdoutLine: {'line': b'-- Installing: /home/cc/ee106a/fa26/class/ee106a-agi/ros_workspaces/install/turtle_patrol_interface/share/turtle_patrol_interface/cmake/ament_cmake_export_include_directories-extras.cmake\n'}
[16.016468] (turtle_patrol_interface) StdoutLine: {'line': b'-- Installing: /home/cc/ee106a/fa26/class/ee106a-agi/ros_workspaces/install/turtle_patrol_interface/share/turtle_patrol_interface/cmake/ament_cmake_export_libraries-extras.cmake\n'}
[16.023709] (turtle_patrol_interface) StdoutLine: {'line': b'-- Installing: /home/cc/ee106a/fa26/class/ee106a-agi/ros_workspaces/install/turtle_patrol_interface/share/turtle_patrol_interface/cmake/ament_cmake_export_targets-extras.cmake\n'}
[16.029980] (turtle_patrol_interface) StdoutLine: {'line': b'-- Installing: /home/cc/ee106a/fa26/class/ee106a-agi/ros_workspaces/install/turtle_patrol_interface/share/turtle_patrol_interface/cmake/rosidl_cmake_export_typesupport_targets-extras.cmake\n'}
[16.037543] (turtle_patrol_interface) StdoutLine: {'line': b'-- Installing: /home/cc/ee106a/fa26/class/ee106a-agi/ros_workspaces/install/turtle_patrol_interface/share/turtle_patrol_interface/cmake/rosidl_cmake_export_typesupport_libraries-extras.cmake\n'}
[16.038096] (-) TimerEvent: {}
[16.044722] (turtle_patrol_interface) StdoutLine: {'line': b'-- Installing: /home/cc/ee106a/fa26/class/ee106a-agi/ros_workspaces/install/turtle_patrol_interface/share/turtle_patrol_interface/cmake/rosidl_cmake_aggregate_target-extras.cmake\n'}
[16.052422] (turtle_patrol_interface) StdoutLine: {'line': b'-- Installing: /home/cc/ee106a/fa26/class/ee106a-agi/ros_workspaces/install/turtle_patrol_interface/share/turtle_patrol_interface/cmake/turtle_patrol_interfaceConfig.cmake\n'}
[16.061510] (turtle_patrol_interface) StdoutLine: {'line': b'-- Installing: /home/cc/ee106a/fa26/class/ee106a-agi/ros_workspaces/install/turtle_patrol_interface/share/turtle_patrol_interface/cmake/turtle_patrol_interfaceConfig-version.cmake\n'}
[16.070644] (turtle_patrol_interface) StdoutLine: {'line': b'-- Installing: /home/cc/ee106a/fa26/class/ee106a-agi/ros_workspaces/install/turtle_patrol_interface/share/turtle_patrol_interface/package.xml\n'}
[16.090103] (turtle_patrol_interface) CommandEnded: {'returncode': 0}
[16.138211] (-) TimerEvent: {}
[16.238643] (-) TimerEvent: {}
[16.250507] (turtle_patrol_interface) JobEnded: {'identifier': 'turtle_patrol_interface', 'rc': 0}
[16.256274] (-) EventReactorShutdown: {}
